ply
format ascii 1.0
comment 
element vertex 2232
property float x
property float y
property float z
element face 2196
property list uchar int vertex_index
end_header
205.0	37.0	0.0
201.88676	37.0	35.59123
192.6416	37.0	70.10145
177.54533	37.0	102.48247
157.05646	37.0	131.75078
131.7973	37.0	157.01743
102.53506	37.0	177.51495
70.158516	37.0	192.62082
35.651047	37.0	201.8762
0.060743667	37.0	204.99998
-35.531406	37.0	201.89731
-70.04436	37.0	192.66237
-102.42986	37.0	177.57568
-131.70425	37.0	157.09549
-156.97836	37.0	131.84383
-177.48457	37.0	102.58766
-192.60002	37.0	70.21559
-201.86563	37.0	35.71086
-204.99997	37.0	0.12148733
-201.90782	37.0	-35.471577
-192.6831	37.0	-69.98726
-177.60603	37.0	-102.37723
-157.13452	37.0	-131.65767
-131.8903	37.0	-156.9393
-102.64023	37.0	-177.45418
-70.27264	37.0	-192.57922
-35.770653	37.0	-201.85506
-0.18220654	37.0	-204.99991
35.411774	37.0	-201.91832
69.93019	37.0	-192.70384
102.324615	37.0	-177.63635
131.61113	37.0	-157.17351
156.9002	37.0	-131.93683
177.42374	37.0	-102.69282
192.55838	37.0	-70.32972
201.84444	37.0	-35.830486
245.0	60.0	0.0
241.2793	60.0	42.53586
230.23021	60.0	83.77978
212.18832	60.0	122.47904
187.70163	60.0	157.45825
157.51385	60.0	187.65497
122.54189	60.0	212.15202
83.847984	60.0	230.20537
42.60735	60.0	241.2667
0.072596096	60.0	244.99998
-42.464363	60.0	241.2919
-83.71155	60.0	230.25502
-122.416176	60.0	212.2246
-157.40263	60.0	187.74826
-187.60829	60.0	157.56946
-212.1157	60.0	122.60476
-230.18051	60.0	83.91619
-241.25404	60.0	42.678837
-244.99995	60.0	0.14519218
-241.30447	60.0	-42.39286
-230.27982	60.0	-83.64331
-212.26088	60.0	-122.35327
-187.7949	60.0	-157.34697
-157.625	60.0	-187.56161
-122.66759	60.0	-212.07939
-83.98437	60.0	-230.15565
-42.750294	60.0	-241.2414
-0.21775904	60.0	-244.9999
42.32139	60.0	-241.31702
83.5751	60.0	-230.30458
122.2904	60.0	-212.2971
157.29135	60.0	-187.8415
187.51488	60.0	-157.68059
212.04301	60.0	-122.73044
230.13075	60.0	-84.05259
241.22871	60.0	-42.8218
245.0	102.0	0.0
241.2793	102.0	42.53586
230.23021	102.0	83.77978
212.18832	102.0	122.47904
187.70163	102.0	157.45825
157.51385	102.0	187.65497
122.54189	102.0	212.15202
83.847984	102.0	230.20537
42.60735	102.0	241.2667
0.072596096	102.0	244.99998
-42.464363	102.0	241.2919
-83.71155	102.0	230.25502
-122.416176	102.0	212.2246
-157.40263	102.0	187.74826
-187.60829	102.0	157.56946
-212.1157	102.0	122.60476
-230.18051	102.0	83.91619
-241.25404	102.0	42.678837
-244.99995	102.0	0.14519218
-241.30447	102.0	-42.39286
-230.27982	102.0	-83.64331
-212.26088	102.0	-122.35327
-187.7949	102.0	-157.34697
-157.625	102.0	-187.56161
-122.66759	102.0	-212.07939
-83.98437	102.0	-230.15565
-42.750294	102.0	-241.2414
-0.21775904	102.0	-244.9999
42.32139	102.0	-241.31702
83.5751	102.0	-230.30458
122.2904	102.0	-212.2971
157.29135	102.0	-187.8415
187.51488	102.0	-157.68059
212.04301	102.0	-122.73044
230.13075	102.0	-84.05259
241.22871	102.0	-42.8218
210.0	122.0	0.0
206.81082	122.0	36.45931
197.34018	122.0	71.81124
181.8757	122.0	104.98204
160.8871	122.0	134.96422
135.01187	122.0	160.8471
105.03591	122.0	181.84459
71.8697	122.0	197.3189
36.520584	122.0	206.80002
0.062225223	122.0	209.99998
-36.398026	122.0	206.82162
-71.752754	122.0	197.36145
-104.928154	122.0	181.9068
-134.91655	122.0	160.92708
-160.80711	122.0	135.05952
-181.81346	122.0	105.0898
-197.29759	122.0	71.92817
-206.78918	122.0	36.58186
-209.99997	122.0	0.12445043
-206.8324	122.0	-36.33674
-197.3827	122.0	-71.69427
-181.9379	122.0	-104.87423
-160.96707	122.0	-134.86884
-135.10715	122.0	-160.76709
-105.14365	122.0	-181.78233
-71.9866	122.0	-197.27628
-36.64311	122.0	-206.77835
-0.1866506	122.0	-209.99991
36.275475	122.0	-206.84315
71.6358	122.0	-197.40393
104.820335	122.0	-181.96895
134.82115	122.0	-161.007
160.72704	122.0	-135.1548
181.75114	122.0	-105.19752
197.25493	122.0	-72.045074
206.76747	122.0	-36.7044
210.0	130.0	0.0
206.81082	130.0	36.45931
197.34018	130.0	71.81124
181.8757	130.0	104.98204
160.8871	130.0	134.96422
135.01187	130.0	160.8471
105.03591	130.0	181.84459
71.8697	130.0	197.3189
36.520584	130.0	206.80002
0.062225223	130.0	209.99998
-36.398026	130.0	206.82162
-71.752754	130.0	197.36145
-104.928154	130.0	181.9068
-134.91655	130.0	160.92708
-160.80711	130.0	135.05952
-181.81346	130.0	105.0898
-197.29759	130.0	71.92817
-206.78918	130.0	36.58186
-209.99997	130.0	0.12445043
-206.8324	130.0	-36.33674
-197.3827	130.0	-71.69427
-181.9379	130.0	-104.87423
-160.96707	130.0	-134.86884
-135.10715	130.0	-160.76709
-105.14365	130.0	-181.78233
-71.9866	130.0	-197.27628
-36.64311	130.0	-206.77835
-0.1866506	130.0	-209.99991
36.275475	130.0	-206.84315
71.6358	130.0	-197.40393
104.820335	130.0	-181.96895
134.82115	130.0	-161.007
160.72704	130.0	-135.1548
181.75114	130.0	-105.19752
197.25493	130.0	-72.045074
206.76747	130.0	-36.7044
201.0	153.0	0.0
197.94751	153.0	34.896767
188.88275	153.0	68.73361
174.08104	153.0	100.48281
153.99194	153.0	129.18004
129.22565	153.0	153.95366
100.53437	153.0	174.05125
68.78957	153.0	188.86237
34.955418	153.0	197.93716
0.059558425	153.0	200.99998
-34.838108	153.0	197.95784
-68.677635	153.0	188.9031
-100.43123	153.0	174.1108
-129.13441	153.0	154.03021
-153.91537	153.0	129.27127
-174.02145	153.0	100.585945
-188.84198	153.0	68.84553
-197.92679	153.0	35.014065
-200.99997	153.0	0.11911684
-197.96815	153.0	-34.77945
-188.92345	153.0	-68.62166
-174.14055	153.0	-100.37962
-154.06848	153.0	-129.08875
-129.31683	153.0	-153.87708
-100.63749	153.0	-173.99165
-68.90146	153.0	-188.82158
-35.07269	153.0	-197.91641
-0.17865129	153.0	-200.99992
34.72081	153.0	-197.97845
68.5657	153.0	-188.94376
100.32804	153.0	-174.17027
129.0431	153.0	-154.1067
153.83873	153.0	-129.36244
173.96182	153.0	-100.68906
188.80115	153.0	-68.95743
197.906	153.0	-35.131355
225.0	163.0	0.0
221.58302	163.0	39.063545
211.43591	163.0	76.94061
194.86684	163.0	112.48076
172.37904	163.0	144.6045
144.65558	163.0	172.3362
112.538475	163.0	194.8335
77.00325	163.0	211.4131
39.1292	163.0	221.57146
0.06666988	163.0	224.99998
-38.997883	163.0	221.5946
-76.87795	163.0	211.4587
-112.42302	163.0	194.90015
-144.55344	163.0	172.42188
-172.29333	163.0	144.70663
-194.80014	163.0	112.596214
-211.39027	163.0	77.065895
-221.55984	163.0	39.194847
-224.99995	163.0	0.13333975
-221.60614	163.0	-38.93222
-211.48146	163.0	-76.815285
-194.93346	163.0	-112.36525
-172.4647	163.0	-144.50232
-144.75766	163.0	-172.25046
-112.65391	163.0	-194.76678
-77.1285	163.0	-211.36745
-39.26047	163.0	-221.54822
-0.19998279	163.0	-224.99991
38.86658	163.0	-221.61766
76.75265	163.0	-211.50421
112.3075	163.0	-194.96674
144.45123	163.0	-172.5075
172.20753	163.0	-144.80872
194.73338	163.0	-112.711624
211.34456	163.0	-77.191154
221.53658	163.0	-39.32614
225.0	174.0	0.0
221.58302	174.0	39.063545
211.43591	174.0	76.94061
194.86684	174.0	112.48076
172.37904	174.0	144.6045
144.65558	174.0	172.3362
112.538475	174.0	194.8335
77.00325	174.0	211.4131
39.1292	174.0	221.57146
0.06666988	174.0	224.99998
-38.997883	174.0	221.5946
-76.87795	174.0	211.4587
-112.42302	174.0	194.90015
-144.55344	174.0	172.42188
-172.29333	174.0	144.70663
-194.80014	174.0	112.596214
-211.39027	174.0	77.065895
-221.55984	174.0	39.194847
-224.99995	174.0	0.13333975
-221.60614	174.0	-38.93222
-211.48146	174.0	-76.815285
-194.93346	174.0	-112.36525
-172.4647	174.0	-144.50232
-144.75766	174.0	-172.25046
-112.65391	174.0	-194.76678
-77.1285	174.0	-211.36745
-39.26047	174.0	-221.54822
-0.19998279	174.0	-224.99991
38.86658	174.0	-221.61766
76.75265	174.0	-211.50421
112.3075	174.0	-194.96674
144.45123	174.0	-172.5075
172.20753	174.0	-144.80872
194.73338	174.0	-112.711624
211.34456	174.0	-77.191154
221.53658	174.0	-39.32614
207.0	192.0	0.0
203.85638	192.0	35.93846
194.52104	192.0	70.78536
179.27748	192.0	103.48229
158.58871	192.0	133.03615
133.08313	192.0	158.5493
103.5354	192.0	179.24681
70.84299	192.0	194.50005
35.998863	192.0	203.84573
0.06133629	192.0	206.99998
-35.87805	192.0	203.86703
-70.727715	192.0	194.54199
-103.42918	192.0	179.30814
-132.98917	192.0	158.62813
-158.50987	192.0	133.13011
-179.21613	192.0	103.58852
-194.47905	192.0	70.90062
-203.83505	192.0	36.05926
-206.99997	192.0	0.122672565
-203.87766	192.0	-35.817642
-194.56294	192.0	-70.67007
-179.33878	192.0	-103.37602
-158.66754	192.0	-132.94214
-133.17705	192.0	-158.47041
-103.641594	192.0	-179.18544
-70.95822	192.0	-194.45805
-36.119633	192.0	-203.82437
-0.18398418	192.0	-206.99991
35.75725	192.0	-203.88826
70.612434	192.0	-194.58388
103.32291	192.0	-179.36938
132.89514	192.0	-158.70691
158.43094	192.0	-133.22401
179.15471	192.0	-103.694695
194.437	192.0	-71.01586
203.81364	192.0	-36.18005
207.0	216.0	0.0
203.85638	216.0	35.93846
194.52104	216.0	70.78536
179.27748	216.0	103.48229
158.58871	216.0	133.03615
133.08313	216.0	158.5493
103.5354	216.0	179.24681
70.84299	216.0	194.50005
35.998863	216.0	203.84573
0.06133629	216.0	206.99998
-35.87805	216.0	203.86703
-70.727715	216.0	194.54199
-103.42918	216.0	179.30814
-132.98917	216.0	158.62813
-158.50987	216.0	133.13011
-179.21613	216.0	103.58852
-194.47905	216.0	70.90062
-203.83505	216.0	36.05926
-206.99997	216.0	0.122672565
-203.87766	216.0	-35.817642
-194.56294	216.0	-70.67007
-179.33878	216.0	-103.37602
-158.66754	216.0	-132.94214
-133.17705	216.0	-158.47041
-103.641594	216.0	-179.18544
-70.95822	216.0	-194.45805
-36.119633	216.0	-203.82437
-0.18398418	216.0	-206.99991
35.75725	216.0	-203.88826
70.612434	216.0	-194.58388
103.32291	216.0	-179.36938
132.89514	216.0	-158.70691
158.43094	216.0	-133.22401
179.15471	216.0	-103.694695
194.437	216.0	-71.01586
203.81364	216.0	-36.18005
223.0	208.0	0.0
219.6134	208.0	38.716312
209.55647	208.0	76.2567
193.13467	208.0	111.48093
170.84679	208.0	143.31914
143.36975	208.0	170.80432
111.53813	208.0	193.10164
76.31878	208.0	209.53387
38.781384	208.0	219.60193
0.06607726	208.0	222.99998
-38.651237	208.0	219.62488
-76.19459	208.0	209.57906
-111.423706	208.0	193.1677
-143.26852	208.0	170.88924
-170.76184	208.0	143.42036
-193.06857	208.0	111.59535
-209.51125	208.0	76.38086
-219.59042	208.0	38.84645
-222.99995	208.0	0.13215451
-219.63632	208.0	-38.586155
-209.60162	208.0	-76.132484
-193.20071	208.0	-111.36644
-170.93169	208.0	-143.21785
-143.47092	208.0	-170.71935
-111.652534	208.0	-193.03552
-76.44292	208.0	-209.48862
-38.91149	208.0	-219.5789
-0.19820517	208.0	-222.99991
38.5211	208.0	-219.64774
76.0704	208.0	-209.62418
111.30922	208.0	-193.23369
143.16722	208.0	-170.9741
170.6768	208.0	-143.52151
193.00241	208.0	-111.70975
209.46594	208.0	-76.50501
219.56735	208.0	-38.976578
255.0	170.0	0.0
251.12743	170.0	44.27202
239.62737	170.0	87.19936
220.84908	170.0	127.47819
195.36292	170.0	163.88512
163.943	170.0	195.31435
127.54361	170.0	220.8113
87.27035	170.0	239.6015
44.346424	170.0	251.11432
0.0755592	170.0	254.99998
-44.1976	170.0	251.14055
-87.12834	170.0	239.65318
-127.41276	170.0	220.88683
-163.82724	170.0	195.41145
-195.26578	170.0	164.00085
-220.77348	170.0	127.60904
-239.57564	170.0	87.34135
-251.10115	170.0	44.42083
-254.99995	170.0	0.15111838
-251.15364	170.0	-44.123184
-239.679	170.0	-87.05733
-220.92459	170.0	-127.347275
-195.46	170.0	-163.7693
-164.05867	170.0	-195.21718
-127.67442	170.0	-220.73569
-87.4123	170.0	-239.54977
-44.4952	170.0	-251.08798
-0.22664717	170.0	-254.9999
44.04879	170.0	-251.16669
86.98633	170.0	-239.70477
127.28184	170.0	-220.9623
163.71141	170.0	-195.50851
195.16855	170.0	-164.11653
220.69783	170.0	-127.739845
239.52383	170.0	-87.48331
251.07478	170.0	-44.56963
300.0	170.0	0.0
295.44403	170.0	52.084724
281.91455	170.0	102.58749
259.82245	170.0	149.97433
229.83873	170.0	192.80602
192.87411	170.0	229.78159
150.0513	170.0	259.77798
102.671	170.0	281.88412
52.172264	170.0	295.4286
0.088893175	170.0	299.99997
-51.997177	170.0	295.45947
-102.50394	170.0	281.94492
-149.89735	170.0	259.86685
-192.73793	170.0	229.89584
-229.72444	170.0	192.94218
-259.73352	170.0	150.12828
-281.8537	170.0	102.754524
-295.41312	170.0	52.2598
-299.99994	170.0	0.17778634
-295.47485	170.0	-51.909626
-281.97528	170.0	-102.42039
-259.9113	170.0	-149.82033
-229.95294	170.0	-192.66975
-193.01021	170.0	-229.66728
-150.2052	170.0	-259.68906
-102.838005	170.0	-281.82327
-52.347298	170.0	-295.39764
-0.26664373	170.0	-299.99988
51.822105	170.0	-295.49023
102.33686	170.0	-282.0056
149.74333	170.0	-259.95563
192.60165	170.0	-230.01001
229.61006	170.0	-193.07828
259.6445	170.0	-150.28217
281.79276	170.0	-102.92154
295.38208	170.0	-52.434856
335.0	202.0	0.0
329.9125	202.0	58.161278
314.80457	202.0	114.55602
290.13507	202.0	167.47134
256.65323	202.0	215.30005
215.37608	202.0	256.58945
167.55728	202.0	290.08542
114.649284	202.0	314.7706
58.25903	202.0	329.89526
0.09926404	202.0	334.99997
-58.063515	202.0	329.92975
-114.46273	202.0	314.8385
-167.38539	202.0	290.18466
-215.22401	202.0	256.717
-256.52563	202.0	215.4521
-290.03577	202.0	167.64325
-314.73663	202.0	114.74255
-329.878	202.0	58.356773
-334.99994	202.0	0.19852807
-329.94693	202.0	-57.96575
-314.8724	202.0	-114.36943
-290.23425	202.0	-167.29936
-256.7808	202.0	-215.1479
-215.52806	202.0	-256.4618
-167.72914	202.0	-289.9861
-114.83577	202.0	-314.70264
-58.45448	202.0	-329.8607
-0.29775217	202.0	-334.99985
57.86802	202.0	-329.96408
114.27616	202.0	-314.90628
167.2134	202.0	-290.28378
215.07184	202.0	-256.8445
256.3979	202.0	-215.60408
289.93637	202.0	-167.8151
314.66858	202.0	-114.92905
329.84335	202.0	-58.552258
345.0	228.0	0.0
339.76065	228.0	59.897434
324.20172	228.0	117.97561
298.7958	228.0	172.47049
264.31454	228.0	221.72691
221.80522	228.0	264.24884
172.55899	228.0	298.7447
118.07165	228.0	324.16675
59.998104	228.0	339.7429
0.10222715	228.0	344.99997
-59.796757	228.0	339.77838
-117.879524	228.0	324.23666
-172.38196	228.0	298.8469
-221.64862	228.0	264.38022
-264.1831	228.0	221.88351
-298.69354	228.0	172.64752
-324.13174	228.0	118.1677
-339.7251	228.0	60.098766
-344.99994	228.0	0.20445427
-339.79608	228.0	-59.69607
-324.27158	228.0	-117.78344
-298.89798	228.0	-172.29338
-264.4459	228.0	-221.57022
-221.96173	228.0	-264.11737
-172.736	228.0	-298.6424
-118.2637	228.0	-324.09674
-60.19939	228.0	-339.70728
-0.3066403	228.0	-344.99985
59.59542	228.0	-339.81375
117.687386	228.0	-324.30646
172.20483	228.0	-298.94897
221.4919	228.0	-264.5115
264.05157	228.0	-222.04002
298.5912	228.0	-172.8245
324.06168	228.0	-118.359764
339.68942	228.0	-60.300087
335.0	256.0	0.0
329.9125	256.0	58.161278
314.80457	256.0	114.55602
290.13507	256.0	167.47134
256.65323	256.0	215.30005
215.37608	256.0	256.58945
167.55728	256.0	290.08542
114.649284	256.0	314.7706
58.25903	256.0	329.89526
0.09926404	256.0	334.99997
-58.063515	256.0	329.92975
-114.46273	256.0	314.8385
-167.38539	256.0	290.18466
-215.22401	256.0	256.717
-256.52563	256.0	215.4521
-290.03577	256.0	167.64325
-314.73663	256.0	114.74255
-329.878	256.0	58.356773
-334.99994	256.0	0.19852807
-329.94693	256.0	-57.96575
-314.8724	256.0	-114.36943
-290.23425	256.0	-167.29936
-256.7808	256.0	-215.1479
-215.52806	256.0	-256.4618
-167.72914	256.0	-289.9861
-114.83577	256.0	-314.70264
-58.45448	256.0	-329.8607
-0.29775217	256.0	-334.99985
57.86802	256.0	-329.96408
114.27616	256.0	-314.90628
167.2134	256.0	-290.28378
215.07184	256.0	-256.8445
256.3979	256.0	-215.60408
289.93637	256.0	-167.8151
314.66858	256.0	-114.92905
329.84335	256.0	-58.552258
300.0	288.0	0.0
295.44403	288.0	52.084724
281.91455	288.0	102.58749
259.82245	288.0	149.97433
229.83873	288.0	192.80602
192.87411	288.0	229.78159
150.0513	288.0	259.77798
102.671	288.0	281.88412
52.172264	288.0	295.4286
0.088893175	288.0	299.99997
-51.997177	288.0	295.45947
-102.50394	288.0	281.94492
-149.89735	288.0	259.86685
-192.73793	288.0	229.89584
-229.72444	288.0	192.94218
-259.73352	288.0	150.12828
-281.8537	288.0	102.754524
-295.41312	288.0	52.2598
-299.99994	288.0	0.17778634
-295.47485	288.0	-51.909626
-281.97528	288.0	-102.42039
-259.9113	288.0	-149.82033
-229.95294	288.0	-192.66975
-193.01021	288.0	-229.66728
-150.2052	288.0	-259.68906
-102.838005	288.0	-281.82327
-52.347298	288.0	-295.39764
-0.26664373	288.0	-299.99988
51.822105	288.0	-295.49023
102.33686	288.0	-282.0056
149.74333	288.0	-259.95563
192.60165	288.0	-230.01001
229.61006	288.0	-193.07828
259.6445	288.0	-150.28217
281.79276	288.0	-102.92154
295.38208	288.0	-52.434856
285.0	283.0	0.0
280.67184	283.0	49.48049
267.81882	283.0	97.458115
246.83131	283.0	142.47562
218.34679	283.0	183.16571
183.23041	283.0	218.29251
142.54874	283.0	246.7891
97.53745	283.0	267.78992
49.563652	283.0	280.65717
0.08444852	283.0	284.99997
-49.39732	283.0	280.6865
-97.37874	283.0	267.8477
-142.4025	283.0	246.87352
-183.10103	283.0	218.40105
-218.23822	283.0	183.29507
-246.74684	283.0	142.62187
-267.76102	283.0	97.6168
-280.64246	283.0	49.64681
-284.99994	283.0	0.16889702
-280.7011	283.0	-49.314144
-267.87653	283.0	-97.29936
-246.91571	283.0	-142.32932
-218.4553	283.0	-183.03627
-183.3597	283.0	-218.18391
-142.69495	283.0	-246.70459
-97.696106	283.0	-267.7321
-49.72993	283.0	-280.62775
-0.25331154	283.0	-284.99988
49.231003	283.0	-280.7157
97.22002	283.0	-267.90533
142.25618	283.0	-246.95786
182.97157	283.0	-218.5095
218.12955	283.0	-183.42436
246.66228	283.0	-142.76807
267.70312	283.0	-97.77546
280.61298	283.0	-49.813114
285.0	295.0	0.0
280.67184	295.0	49.48049
267.81882	295.0	97.458115
246.83131	295.0	142.47562
218.34679	295.0	183.16571
183.23041	295.0	218.29251
142.54874	295.0	246.7891
97.53745	295.0	267.78992
49.563652	295.0	280.65717
0.08444852	295.0	284.99997
-49.39732	295.0	280.6865
-97.37874	295.0	267.8477
-142.4025	295.0	246.87352
-183.10103	295.0	218.40105
-218.23822	295.0	183.29507
-246.74684	295.0	142.62187
-267.76102	295.0	97.6168
-280.64246	295.0	49.64681
-284.99994	295.0	0.16889702
-280.7011	295.0	-49.314144
-267.87653	295.0	-97.29936
-246.91571	295.0	-142.32932
-218.4553	295.0	-183.03627
-183.3597	295.0	-218.18391
-142.69495	295.0	-246.70459
-97.696106	295.0	-267.7321
-49.72993	295.0	-280.62775
-0.25331154	295.0	-284.99988
49.231003	295.0	-280.7157
97.22002	295.0	-267.90533
142.25618	295.0	-246.95786
182.97157	295.0	-218.5095
218.12955	295.0	-183.42436
246.66228	295.0	-142.76807
267.70312	295.0	-97.77546
280.61298	295.0	-49.813114
270.0	312.0	0.0
265.89963	312.0	46.876255
253.72308	312.0	92.328735
233.8402	312.0	134.97691
206.85484	312.0	173.52542
173.5867	312.0	206.80344
135.04617	312.0	233.80019
92.4039	312.0	253.69571
46.955036	312.0	265.88574
0.08000386	312.0	269.99997
-46.797462	312.0	265.9135
-92.25354	312.0	253.75043
-134.90762	312.0	233.88017
-173.46413	312.0	206.90625
-206.752	312.0	173.64796
-233.76016	312.0	135.11545
-253.66832	312.0	92.47907
-265.8718	312.0	47.033817
-269.99994	312.0	0.1600077
-265.92737	312.0	-46.718666
-253.77776	312.0	-92.178345
-233.92015	312.0	-134.83829
-206.95766	312.0	-173.40279
-173.70918	312.0	-206.70055
-135.1847	312.0	-233.72014
-92.55421	312.0	-253.64093
-47.112568	312.0	-265.85788
-0.23997936	312.0	-269.99988
46.639896	312.0	-265.9412
92.10317	312.0	-253.80505
134.76901	312.0	-233.96007
173.34149	312.0	-207.009
206.64905	312.0	-173.77045
233.68005	312.0	-135.25395
253.61348	312.0	-92.62938
265.84387	312.0	-47.191372
291.0	323.0	0.0
286.58072	323.0	50.522182
273.45712	323.0	99.50986
252.02777	323.0	145.47511
222.94356	323.0	187.02184
187.08789	323.0	222.88814
145.54976	323.0	251.98465
99.59087	323.0	273.4276
50.607098	323.0	286.56573
0.08622638	323.0	290.99997
-50.437263	323.0	286.59567
-99.42882	323.0	273.48657
-145.40044	323.0	252.07085
-186.95578	323.0	222.99896
-222.8327	323.0	187.15392
-251.94151	323.0	145.62444
-273.39807	323.0	99.67189
-286.55072	323.0	50.692005
-290.99994	323.0	0.17245275
-286.61063	323.0	-50.352337
-273.51602	323.0	-99.34777
-252.11394	323.0	-145.32571
-223.05437	323.0	-186.88966
-187.2199	323.0	-222.77725
-145.69905	323.0	-251.89838
-99.75286	323.0	-273.36856
-50.77688	323.0	-286.5357
-0.2586444	323.0	-290.99988
50.267445	323.0	-286.62552
99.266754	323.0	-273.54544
145.25104	323.0	-252.15697
186.82361	323.0	-223.10971
222.72176	323.0	-187.28593
251.85516	323.0	-145.7737
273.33896	323.0	-99.83389
286.52063	323.0	-50.861813
291.0	336.0	0.0
286.58072	336.0	50.522182
273.45712	336.0	99.50986
252.02777	336.0	145.47511
222.94356	336.0	187.02184
187.08789	336.0	222.88814
145.54976	336.0	251.98465
99.59087	336.0	273.4276
50.607098	336.0	286.56573
0.08622638	336.0	290.99997
-50.437263	336.0	286.59567
-99.42882	336.0	273.48657
-145.40044	336.0	252.07085
-186.95578	336.0	222.99896
-222.8327	336.0	187.15392
-251.94151	336.0	145.62444
-273.39807	336.0	99.67189
-286.55072	336.0	50.692005
-290.99994	336.0	0.17245275
-286.61063	336.0	-50.352337
-273.51602	336.0	-99.34777
-252.11394	336.0	-145.32571
-223.05437	336.0	-186.88966
-187.2199	336.0	-222.77725
-145.69905	336.0	-251.89838
-99.75286	336.0	-273.36856
-50.77688	336.0	-286.5357
-0.2586444	336.0	-290.99988
50.267445	336.0	-286.62552
99.266754	336.0	-273.54544
145.25104	336.0	-252.15697
186.82361	336.0	-223.10971
222.72176	336.0	-187.28593
251.85516	336.0	-145.7737
273.33896	336.0	-99.83389
286.52063	336.0	-50.861813
280.0	344.0	0.0
275.74777	344.0	48.61241
263.12024	344.0	95.74832
242.50095	344.0	139.97604
214.51614	344.0	179.95229
180.01584	344.0	214.46281
140.04788	344.0	242.45946
95.82626	344.0	263.09186
48.694115	344.0	275.73337
0.08296696	344.0	279.99997
-48.5307	344.0	275.76218
-95.67034	344.0	263.1486
-139.9042	344.0	242.5424
-179.88873	344.0	214.56944
-214.40948	344.0	180.07938
-242.41795	344.0	140.11974
-263.06345	344.0	95.90422
-275.7189	344.0	48.77581
-279.99994	344.0	0.1659339
-275.77655	344.0	-48.448986
-263.17694	344.0	-95.59236
-242.58386	344.0	-139.8323
-214.62276	344.0	-179.8251
-180.14285	344.0	-214.35612
-140.19153	344.0	-242.37643
-95.98214	344.0	-263.03503
-48.857475	344.0	-275.70447
-0.24886748	344.0	-279.99988
48.3673	344.0	-275.79086
95.514404	344.0	-263.20523
139.76045	344.0	-242.62526
179.76154	344.0	-214.67601
214.30272	344.0	-180.20639
242.33487	344.0	-140.26335
263.00656	344.0	-96.060104
275.68994	344.0	-48.9392
271.0	363.0	0.0
266.88446	363.0	47.04987
254.66281	363.0	92.67069
234.70627	363.0	135.47682
207.62099	363.0	174.1681
174.22961	363.0	207.56937
135.54634	363.0	234.66612
92.74614	363.0	254.63533
47.128944	363.0	266.8705
0.08030017	363.0	270.99997
-46.970783	363.0	266.89838
-92.59522	363.0	254.69025
-135.40729	363.0	234.7464
-174.1066	363.0	207.67258
-207.51775	363.0	174.2911
-234.62595	363.0	135.61588
-254.60783	363.0	92.82159
-266.8565	363.0	47.20802
-270.99994	363.0	0.16060032
-266.9123	363.0	-46.891697
-254.71768	363.0	-92.519745
-234.78651	363.0	-135.33769
-207.72417	363.0	-174.04501
-174.35255	363.0	-207.46611
-135.68536	363.0	-234.58577
-92.896996	363.0	-254.58034
-47.287056	363.0	-266.84253
-0.24086817	363.0	-270.99988
46.812637	363.0	-266.92618
92.4443	363.0	-254.74507
135.26814	363.0	-234.8266
173.98349	363.0	-207.77571
207.41441	363.0	-174.41405
234.54553	363.0	-135.7549
254.55278	363.0	-92.97246
266.8285	363.0	-47.366154
263.0	387.0	0.0
259.00595	387.0	45.660942
247.14508	387.0	89.93503
227.77768	387.0	131.47751
201.49194	387.0	169.02661
169.0863	387.0	201.44186
131.54497	387.0	227.73871
90.00825	387.0	247.11842
45.737686	387.0	258.9924
0.07792968	387.0	262.99997
-45.584194	387.0	259.01947
-89.861786	387.0	247.17172
-131.41002	387.0	227.8166
-168.96692	387.0	201.54202
-201.39175	387.0	169.14598
-227.69972	387.0	131.61246
-247.09174	387.0	90.08147
-258.97882	387.0	45.814423
-262.99994	387.0	0.15585935
-259.03296	387.0	-45.50744
-247.19833	387.0	-89.788536
-227.85555	387.0	-131.34248
-201.59209	387.0	-168.90715
-169.20561	387.0	-201.34164
-131.6799	387.0	-227.66074
-90.15465	387.0	-247.06506
-45.89113	387.0	-258.96527
-0.23375766	387.0	-262.99988
45.430714	387.0	-259.04642
89.71532	387.0	-247.22491
131.275	387.0	-227.89444
168.84744	387.0	-201.6421
201.29149	387.0	-169.26529
227.62167	387.0	-131.74736
247.03831	387.0	-90.22788
258.95163	387.0	-45.96789
249.0	408.0	0.0
245.21855	408.0	43.230324
233.98907	408.0	85.14761
215.65262	408.0	124.4787
190.76614	408.0	160.02899
160.08551	408.0	190.71872
124.54258	408.0	215.61572
85.21693	408.0	233.96382
43.30298	408.0	245.20573
0.073781334	408.0	248.99998
-43.157658	408.0	245.23135
-85.07826	408.0	234.01428
-124.41481	408.0	215.6895
-159.97247	408.0	190.81354
-190.6713	408.0	160.14201
-215.57881	408.0	124.606476
-233.93857	408.0	85.286255
-245.19289	408.0	43.375633
-248.99995	408.0	0.14756265
-245.24414	408.0	-43.08499
-234.03949	408.0	-85.00892
-215.72636	408.0	-124.350876
-190.86095	408.0	-159.91591
-160.19847	408.0	-190.62384
-124.67032	408.0	-215.5419
-85.355545	408.0	-233.9133
-43.448257	408.0	-245.18004
-0.2213143	408.0	-248.9999
43.01235	408.0	-245.25688
84.93959	408.0	-234.06467
124.28697	408.0	-215.76318
159.85938	408.0	-190.90831
190.57634	408.0	-160.25497
215.50494	408.0	-124.7342
233.88799	408.0	-85.42487
245.16714	408.0	-43.52093
218.0	440.0	0.0
214.68933	440.0	37.848236
204.8579	440.0	74.546906
188.8043	440.0	108.98135
167.01614	440.0	140.10571
140.15518	440.0	166.97462
109.03728	440.0	188.772
74.6076	440.0	204.8358
37.911846	440.0	214.67812
0.06459571	440.0	217.99998
-37.78462	440.0	214.70055
-74.48619	440.0	204.87997
-108.925415	440.0	188.83658
-140.05623	440.0	167.05765
-166.93309	440.0	140.20465
-188.73969	440.0	109.093216
-204.81369	440.0	74.66829
-214.66687	440.0	37.975452
-217.99995	440.0	0.1291914
-214.71173	440.0	-37.720997
-204.90204	440.0	-74.425476
-188.86887	440.0	-108.86944
-167.09914	440.0	-140.0067
-140.25409	440.0	-166.89156
-109.14912	440.0	-188.70737
-74.72895	440.0	-204.79156
-38.039036	440.0	-214.65561
-0.19376111	440.0	-217.99991
37.6574	440.0	-214.7229
74.364784	440.0	-204.92407
108.81349	440.0	-188.9011
139.9572	440.0	-167.14061
166.84998	440.0	-140.30354
188.675	440.0	-109.20504
204.7694	440.0	-74.78965
214.64432	440.0	-38.10266
190.0	460.0	0.0
187.11456	460.0	32.98699
178.54588	460.0	64.97208
164.55421	460.0	94.98375
145.56453	460.0	122.11048
122.1536	460.0	145.52834
95.03249	460.0	164.52606
65.02496	460.0	178.52661
33.042435	460.0	187.10478
0.05629901	460.0	189.99998
-32.931545	460.0	187.12433
-64.91916	460.0	178.56512
-94.935	460.0	164.58234
-122.06735	460.0	145.6007
-145.49214	460.0	122.19672
-164.4979	460.0	95.081245
-178.50734	460.0	65.077866
-187.09497	460.0	33.097874
-189.99997	460.0	0.11259801
-187.13408	460.0	-32.8761
-178.58435	460.0	-64.86624
-164.61047	460.0	-94.88621
-145.63687	460.0	-122.024185
-122.2398	460.0	-145.45595
-95.12997	460.0	-164.46973
-65.13074	460.0	-178.48807
-33.153286	460.0	-187.08517
-0.16887435	460.0	-189.99992
32.820667	460.0	-187.14381
64.81335	460.0	-178.60356
94.83745	460.0	-164.63857
121.98105	460.0	-145.673
145.41971	460.0	-122.28291
164.44151	460.0	-95.1787
178.46875	460.0	-65.18364
187.07533	460.0	-33.208744
148.0	485.0	0.0
145.7524	485.0	25.695131
139.07784	485.0	50.609825
128.17908	485.0	73.98734
113.3871	485.0	95.11764
95.15123	485.0	113.35892
74.02531	485.0	128.15714
50.651028	485.0	139.06284
25.738317	485.0	145.74478
0.043853965	485.0	147.99998
-25.651941	485.0	145.76001
-50.568607	485.0	139.09283
-73.94936	485.0	128.20099
-95.084045	485.0	113.415276
-113.33073	485.0	95.184814
-128.13521	485.0	74.063286
-139.04782	485.0	50.69223
-145.73714	485.0	25.7815
-147.99997	485.0	0.08770792
-145.7676	485.0	-25.60875
-139.1078	485.0	-50.52739
-128.2229	485.0	-73.91136
-113.44346	485.0	-95.050415
-95.21837	485.0	-113.30252
-74.101234	485.0	-128.11327
-50.733414	485.0	-139.0328
-25.824667	485.0	-145.72949
-0.13154423	485.0	-147.99994
25.565573	485.0	-145.77518
50.486183	485.0	-139.12277
73.87338	485.0	-128.24478
95.016815	485.0	-113.4716
113.27429	485.0	-95.25195
128.0913	485.0	-74.139206
139.01776	485.0	-50.774624
145.72183	485.0	-25.867863
110.0	505.0	0.0
108.32948	505.0	19.097733
103.36867	505.0	37.61541
95.26823	505.0	54.990593
84.2742	505.0	70.69554
70.720505	505.0	84.25325
55.01881	505.0	95.25193
37.646034	505.0	103.35751
19.12983	505.0	108.32382
0.032594163	505.0	109.99999
-19.065632	505.0	108.33514
-37.584778	505.0	103.37981
-54.962364	505.0	95.284515
-70.67057	505.0	84.29514
-84.23229	505.0	70.74547
-95.23563	505.0	55.047035
-103.34635	505.0	37.67666
-108.318146	505.0	19.161926
-109.99998	505.0	0.06518832
-108.34078	505.0	-19.03353
-103.39094	505.0	-37.554142
-95.300804	505.0	-54.93412
-84.31608	505.0	-70.64558
-70.77041	505.0	-84.211334
-55.07524	505.0	-95.219315
-37.707268	505.0	-103.3352
-19.194008	505.0	-108.31246
-0.097769365	505.0	-109.999954
19.001438	505.0	-108.34641
37.523514	505.0	-103.40206
54.90589	505.0	-95.31707
70.620605	505.0	-84.337006
84.19035	505.0	-70.79537
95.20299	505.0	-55.103462
103.32401	505.0	-37.737896
108.30677	505.0	-19.226114
83.0	510.0	0.0
81.73952	510.0	14.410108
77.99636	510.0	28.382538
71.88421	510.0	41.4929
63.588715	510.0	53.343
53.361835	510.0	63.572906
41.514194	510.0	71.87191
28.405643	510.0	77.987946
14.434326	510.0	81.735245
0.024593778	510.0	82.99999
-14.385886	510.0	81.74379
-28.359423	510.0	78.00476
-41.471603	510.0	71.8965
-53.324158	510.0	63.604515
-63.557095	510.0	53.380672
-71.859604	510.0	41.535492
-77.97952	510.0	28.428751
-81.730965	510.0	14.458544
-82.999985	510.0	0.049187552
-81.74805	510.0	-14.361664
-78.01316	510.0	-28.336306
-71.90878	510.0	-41.45029
-63.620316	510.0	-53.3053
-53.39949	510.0	-63.54128
-41.556774	510.0	-71.847305
-28.451847	510.0	-77.9711
-14.482752	510.0	-81.72668
-0.07377143	510.0	-82.99996
14.337449	510.0	-81.7523
28.313198	510.0	-78.02155
41.42899	510.0	-71.92106
53.286457	510.0	-63.6361
63.525448	510.0	-53.418324
71.83498	510.0	-41.578068
77.96266	510.0	-28.474958
81.72238	510.0	-14.506977
89.0	520.0	0.0
87.6484	520.0	15.451802
83.63465	520.0	30.434288
77.08066	520.0	44.492386
68.185486	520.0	57.19912
57.21932	520.0	68.16854
44.51522	520.0	77.06747
30.459063	520.0	83.625626
15.477772	520.0	87.64382
0.026371641	520.0	88.99999
-15.42583	520.0	87.65298
-30.4095	520.0	83.64366
-44.46955	520.0	77.093834
-57.178917	520.0	68.20243
-68.15159	520.0	57.239513
-77.054276	520.0	44.538055
-83.61659	520.0	30.483843
-87.63923	520.0	15.50374
-88.999985	520.0	0.05274328
-87.65754	520.0	-15.399856
-83.65267	520.0	-30.384714
-77.10701	520.0	-44.446697
-68.219376	520.0	-57.158695
-57.259693	520.0	-68.13463
-44.56088	520.0	-77.041084
-30.508608	520.0	-83.60757
-15.529698	520.0	-87.63463
-0.079104304	520.0	-88.99996
15.373892	520.0	-87.6621
30.359936	520.0	-83.66167
44.42386	520.0	-77.12017
57.13849	520.0	-68.236305
68.11765	520.0	-57.27989
77.02787	520.0	-44.58371
83.59852	520.0	-30.53339
87.63002	520.0	-15.555675
83.0	527.0	0.0
81.73952	527.0	14.410108
77.99636	527.0	28.382538
71.88421	527.0	41.4929
63.588715	527.0	53.343
53.361835	527.0	63.572906
41.514194	527.0	71.87191
28.405643	527.0	77.987946
14.434326	527.0	81.735245
0.024593778	527.0	82.99999
-14.385886	527.0	81.74379
-28.359423	527.0	78.00476
-41.471603	527.0	71.8965
-53.324158	527.0	63.604515
-63.557095	527.0	53.380672
-71.859604	527.0	41.535492
-77.97952	527.0	28.428751
-81.730965	527.0	14.458544
-82.999985	527.0	0.049187552
-81.74805	527.0	-14.361664
-78.01316	527.0	-28.336306
-71.90878	527.0	-41.45029
-63.620316	527.0	-53.3053
-53.39949	527.0	-63.54128
-41.556774	527.0	-71.847305
-28.451847	527.0	-77.9711
-14.482752	527.0	-81.72668
-0.07377143	527.0	-82.99996
14.337449	527.0	-81.7523
28.313198	527.0	-78.02155
41.42899	527.0	-71.92106
53.286457	527.0	-63.6361
63.525448	527.0	-53.418324
71.83498	527.0	-41.578068
77.96266	527.0	-28.474958
81.72238	527.0	-14.506977
111.0	544.0	0.0
109.31429	544.0	19.271349
104.30838	544.0	37.95737
96.1343	544.0	55.490505
85.04033	544.0	71.33823
71.36342	544.0	85.01919
55.518982	544.0	96.11786
37.98827	544.0	104.29713
19.303738	544.0	109.308586
0.032890473	544.0	110.99999
-19.238956	544.0	109.32
-37.926456	544.0	104.319626
-55.462025	544.0	96.150734
-71.313034	544.0	85.06146
-84.99805	544.0	71.38861
-96.1014	544.0	55.547462
-104.285866	544.0	38.019173
-109.30286	544.0	19.336126
-110.99998	544.0	0.065780945
-109.3257	544.0	-19.206562
-104.33086	544.0	-37.895542
-96.167175	544.0	-55.43352
-85.08259	544.0	-71.28781
-71.41377	544.0	-84.97689
-55.575928	544.0	-96.084946
-38.05006	544.0	-104.274605
-19.3685	544.0	-109.29713
-0.098658174	544.0	-110.999954
19.17418	544.0	-109.33138
37.86464	544.0	-104.34208
55.405037	544.0	-96.183586
71.26261	544.0	-85.10371
84.95572	544.0	-71.438965
96.06847	544.0	-55.6044
104.26332	544.0	-38.080967
109.291374	544.0	-19.400898
131.0	563.0	0.0
129.01056	563.0	22.743664
123.102684	563.0	44.796535
113.455795	563.0	65.48879
100.36291	563.0	84.19196
84.221695	563.0	100.33796
65.5224	563.0	113.436386
44.833004	563.0	123.0894
22.781889	563.0	129.00383
0.038816687	563.0	130.99998
-22.705435	563.0	129.0173
-44.76005	563.0	123.11595
-65.45518	563.0	113.4752
-84.162224	563.0	100.38785
-100.313	563.0	84.25142
-113.41697	563.0	65.556015
-123.07611	563.0	44.869476
-128.99706	563.0	22.820112
-130.99997	563.0	0.077633366
-129.02402	563.0	-22.667204
-123.12921	563.0	-44.723568
-113.49459	563.0	-65.42154
-100.41279	563.0	-84.13246
-84.28112	563.0	-100.28804
-65.58961	563.0	-113.39755
-44.90593	563.0	-123.06282
-22.85832	563.0	-128.9903
-0.116434425	563.0	-130.99994
22.628986	563.0	-129.03073
44.687096	563.0	-123.14245
65.387924	563.0	-113.51396
84.10272	563.0	-100.437706
100.263054	563.0	-84.31085
113.3781	563.0	-65.623215
123.0495	563.0	-44.942406
128.98352	563.0	-22.896555
144.0	577.0	0.0
141.81314	577.0	25.000668
135.31898	577.0	49.241993
124.71477	577.0	71.987686
110.322586	577.0	92.54689
92.579575	577.0	110.295166
72.02463	577.0	124.693436
49.28208	577.0	135.30438
25.042686	577.0	141.80573
0.042668723	577.0	143.99998
-24.958645	577.0	141.82054
-49.20189	577.0	135.33356
-71.95073	577.0	124.73609
-92.514206	577.0	110.35
-110.26773	577.0	92.61225
-124.67209	577.0	72.06158
-135.28978	577.0	49.32217
-141.7983	577.0	25.084703
-143.99997	577.0	0.08533744
-141.82794	577.0	-24.91662
-135.34814	577.0	-49.161785
-124.757416	577.0	-71.91376
-110.37742	577.0	-92.48148
-92.6449	577.0	-110.240295
-72.098495	577.0	-124.65074
-49.362244	577.0	-135.27516
-25.126701	577.0	-141.79086
-0.127989	577.0	-143.99994
24.87461	577.0	-141.83531
49.121693	577.0	-135.3627
71.8768	577.0	-124.77871
92.44879	577.0	-110.4048
110.21283	577.0	-92.677574
124.629364	577.0	-72.13544
135.26053	577.0	-49.402336
141.7834	577.0	-25.168732
156.0	600.0	0.0
153.6309	600.0	27.084057
146.59557	600.0	53.345493
135.10767	600.0	77.98666
119.516136	600.0	100.25913
100.29454	600.0	119.48643
78.02668	600.0	135.08455
53.38892	600.0	146.57974
27.129578	600.0	153.62288
0.04622445	600.0	155.99998
-27.038532	600.0	153.63892
-53.302048	600.0	146.61136
-77.946625	600.0	135.13077
-100.223724	600.0	119.54584
-119.45671	600.0	100.32993
-135.06143	600.0	78.0667
-146.56392	600.0	53.432354
-153.61482	600.0	27.175095
-155.99997	600.0	0.09244889
-153.64693	600.0	-26.993006
-146.62715	600.0	-53.2586
-135.15387	600.0	-77.90657
-119.57553	600.0	-100.18828
-100.3653	600.0	-119.42699
-78.106705	600.0	-135.0383
-53.47576	600.0	-146.5481
-27.220594	600.0	-153.60677
-0.13865474	600.0	-155.99994
26.947495	600.0	-153.65492
53.215168	600.0	-146.64291
77.86654	600.0	-135.17693
100.152855	600.0	-119.6052
119.39723	600.0	-100.4007
135.01514	600.0	-78.14673
146.53223	600.0	-53.5192
153.5987	600.0	-27.266127
162.0	618.0	0.0
159.53978	618.0	28.125751
152.23386	618.0	55.397243
140.30412	618.0	80.986145
124.11291	618.0	104.11525
104.152016	618.0	124.08206
81.0277	618.0	140.2801
55.44234	618.0	152.21742
28.173023	618.0	159.53145
0.048002314	618.0	161.99998
-28.078476	618.0	159.54811
-55.352123	618.0	152.25026
-80.94457	618.0	140.32811
-104.078476	618.0	124.14375
-124.0512	618.0	104.18878
-140.2561	618.0	81.069275
-152.20099	618.0	55.487442
-159.52309	618.0	28.220291
-161.99997	618.0	0.09600462
-159.55643	618.0	-28.031199
-152.26666	618.0	-55.307007
-140.35208	618.0	-80.90298
-124.17459	618.0	-104.04167
-104.22551	618.0	-124.02033
-81.11081	618.0	-140.23209
-55.53252	618.0	-152.18456
-28.26754	618.0	-159.51472
-0.14398761	618.0	-161.99994
27.983938	618.0	-159.56473
55.261906	618.0	-152.28304
80.861404	618.0	-140.37604
104.00489	618.0	-124.20541
123.98943	618.0	-104.26227
140.20804	618.0	-81.152374
152.16809	618.0	-55.57763
159.50633	618.0	-28.314823
70.0	618.0	0.0
68.93694	618.0	12.153103
65.78006	618.0	23.93708
60.625237	618.0	34.99401
53.629036	618.0	44.98807
45.00396	618.0	53.615704
35.01197	618.0	60.614864
23.956566	618.0	65.772964
12.173529	618.0	68.93334
0.02074174	618.0	69.99999
-12.132675	618.0	68.940544
-23.917585	618.0	65.78715
-34.97605	618.0	60.6356
-44.972183	618.0	53.64236
-53.60237	618.0	45.019844
-60.60449	618.0	35.029934
-65.76586	618.0	23.976055
-68.929726	618.0	12.193953
-69.999985	618.0	0.041483477
-68.94414	618.0	-12.1122465
-65.794235	618.0	-23.89809
-60.645966	618.0	-34.958076
-53.65569	618.0	-44.956276
-45.035713	618.0	-53.58903
-35.047882	618.0	-60.59411
-23.995535	618.0	-65.75876
-12.214369	618.0	-68.92612
-0.06221687	618.0	-69.99997
12.091825	618.0	-68.947716
23.878601	618.0	-65.80131
34.940113	618.0	-60.656315
44.940384	618.0	-53.669003
53.57568	618.0	-45.051598
60.583717	618.0	-35.065838
65.75164	618.0	-24.015026
68.922485	618.0	-12.2348
72.0	649.0	0.0
70.90657	649.0	12.500334
67.65949	649.0	24.620996
62.357384	649.0	35.993843
55.161293	649.0	46.273445
46.289787	649.0	55.147583
36.012314	649.0	62.346718
24.64104	649.0	67.65219
12.521343	649.0	70.90286
0.021334361	649.0	71.99999
-12.479322	649.0	70.91027
-24.600945	649.0	67.66678
-35.975365	649.0	62.368046
-46.257103	649.0	55.175
-55.133865	649.0	46.306126
-62.336044	649.0	36.03079
-67.64489	649.0	24.661085
-70.89915	649.0	12.542352
-71.999985	649.0	0.04266872
-70.91397	649.0	-12.45831
-67.67407	649.0	-24.580893
-62.378708	649.0	-35.95688
-55.18871	649.0	-46.24074
-46.32245	649.0	-55.120148
-36.049248	649.0	-62.32537
-24.681122	649.0	-67.63758
-12.563351	649.0	-70.89543
-0.0639945	649.0	-71.99997
12.437305	649.0	-70.917656
24.560846	649.0	-67.68135
35.9384	649.0	-62.389355
46.224396	649.0	-55.2024
55.106415	649.0	-46.338787
62.314682	649.0	-36.06772
67.630264	649.0	-24.701168
70.8917	649.0	-12.584366
72.0	671.0	0.0
70.90657	671.0	12.500334
67.65949	671.0	24.620996
62.357384	671.0	35.993843
55.161293	671.0	46.273445
46.289787	671.0	55.147583
36.012314	671.0	62.346718
24.64104	671.0	67.65219
12.521343	671.0	70.90286
0.021334361	671.0	71.99999
-12.479322	671.0	70.91027
-24.600945	671.0	67.66678
-35.975365	671.0	62.368046
-46.257103	671.0	55.175
-55.133865	671.0	46.306126
-62.336044	671.0	36.03079
-67.64489	671.0	24.661085
-70.89915	671.0	12.542352
-71.999985	671.0	0.04266872
-70.91397	671.0	-12.45831
-67.67407	671.0	-24.580893
-62.378708	671.0	-35.95688
-55.18871	671.0	-46.24074
-46.32245	671.0	-55.120148
-36.049248	671.0	-62.32537
-24.681122	671.0	-67.63758
-12.563351	671.0	-70.89543
-0.0639945	671.0	-71.99997
12.437305	671.0	-70.917656
24.560846	671.0	-67.68135
35.9384	671.0	-62.389355
46.224396	671.0	-55.2024
55.106415	671.0	-46.338787
62.314682	671.0	-36.06772
67.630264	671.0	-24.701168
70.8917	671.0	-12.584366
76.0	688.0	0.0
74.845825	688.0	13.1947975
71.41835	688.0	25.98883
65.821686	688.0	37.9935
58.22581	688.0	48.844193
48.861443	688.0	58.211338
38.012997	688.0	65.810425
26.009987	688.0	71.410645
13.216973	688.0	74.84191
0.022519603	688.0	75.99999
-13.172619	688.0	74.84973
-25.967663	688.0	71.42605
-37.974	688.0	65.83294
-48.826942	688.0	58.24028
-58.196857	688.0	48.878685
-65.79916	688.0	38.032497
-71.40294	688.0	26.031147
-74.83799	688.0	13.239149
-75.999985	688.0	0.045039203
-74.85363	688.0	-13.150439
-71.43374	688.0	-25.946497
-65.84419	688.0	-37.954483
-58.254745	688.0	-48.809673
-48.89592	688.0	-58.182377
-38.051987	688.0	-65.78789
-26.052294	688.0	-71.395226
-13.261315	688.0	-74.83407
-0.06754974	688.0	-75.99997
13.128267	688.0	-74.85752
25.925339	688.0	-71.44142
37.93498	688.0	-65.85543
48.79242	688.0	-58.269203
58.16788	688.0	-48.913162
65.7766	688.0	-38.071484
71.3875	688.0	-26.073456
74.83013	688.0	-13.283497
79.0	708.0	0.0
77.80026	708.0	13.715645
74.237495	708.0	27.014704
68.41991	708.0	39.493244
60.524197	708.0	50.77225
50.790184	708.0	60.50915
39.513508	708.0	68.4082
27.036697	708.0	74.229485
13.738696	708.0	77.796196
0.023408536	708.0	78.99999
-13.692591	708.0	77.80433
-26.992702	708.0	74.2455
-39.472973	708.0	68.4316
-50.754322	708.0	60.539238
-60.494102	708.0	50.80811
-68.39649	708.0	39.53378
-74.22147	708.0	27.058691
-77.79212	708.0	13.761747
-78.999985	708.0	0.046817068
-77.80838	708.0	-13.669535
-74.253494	708.0	-26.970701
-68.443306	708.0	-39.452686
-60.554276	708.0	-50.73637
-50.82602	708.0	-60.47905
-39.55404	708.0	-68.38478
-27.080675	708.0	-74.213455
-13.784788	708.0	-77.78804
-0.07021618	708.0	-78.99997
13.646488	708.0	-77.81242
26.948706	708.0	-74.261475
39.43241	708.0	-68.45499
50.718433	708.0	-60.5693
60.46398	708.0	-50.84395
68.373055	708.0	-39.574303
74.20542	708.0	-27.10267
77.78395	708.0	-13.807846
86.0	730.0	0.0
84.693954	730.0	14.930955
80.815506	730.0	29.408413
74.48243	730.0	42.992645
65.8871	730.0	55.271057
55.290577	730.0	65.87072
43.014706	730.0	74.46969
29.432354	730.0	80.806786
14.956049	730.0	84.68953
0.02548271	730.0	85.99999
-14.905858	730.0	84.69838
-29.38446	730.0	80.82421
-42.970577	730.0	74.49516
-55.251537	730.0	65.90347
-65.85434	730.0	55.310093
-74.45694	730.0	43.036774
-80.79806	730.0	29.456297
-84.6851	730.0	14.981142
-85.999985	730.0	0.050965413
-84.7028	730.0	-14.88076
-80.83292	730.0	-29.36051
-74.5079	730.0	-42.948494
-65.919846	730.0	-55.232
-55.329594	730.0	-65.83795
-43.058826	730.0	-74.44419
-29.480228	730.0	-80.78934
-15.006225	730.0	-84.68066
-0.07643787	730.0	-85.99996
14.855671	730.0	-84.7072
29.336567	730.0	-80.841606
42.926422	730.0	-74.520615
55.212475	730.0	-65.9362
65.82155	730.0	-55.349106
74.43143	730.0	-43.080887
80.78059	730.0	-29.504173
84.6762	730.0	-15.031325
93.0	750.0	0.0
91.587654	750.0	16.146265
87.39351	750.0	31.80212
80.54496	750.0	46.492046
71.25001	750.0	59.769867
59.790974	750.0	71.23229
46.515903	750.0	80.53117
31.82801	750.0	87.38408
16.173403	750.0	91.58287
0.027556883	750.0	92.99999
-16.119125	750.0	91.59244
-31.77622	750.0	87.40292
-46.46818	750.0	80.55872
-59.748756	750.0	71.26771
-71.21458	750.0	59.812077
-80.51739	750.0	46.53977
-87.37464	750.0	31.853903
-91.578064	750.0	16.200537
-92.999985	750.0	0.055113763
-91.597206	750.0	-16.091984
-87.41234	750.0	-31.750319
-80.572495	750.0	-46.4443
-71.285416	750.0	-59.727627
-59.833164	750.0	-71.19685
-46.563614	750.0	-80.5036
-31.879782	750.0	-87.36521
-16.227661	750.0	-91.573265
-0.08265956	750.0	-92.99996
16.064854	750.0	-91.60197
31.724426	750.0	-87.42174
46.420437	750.0	-80.58625
59.706512	750.0	-71.3031
71.179115	750.0	-59.854267
80.4898	750.0	-46.58747
87.35575	750.0	-31.905676
91.56845	750.0	-16.254807
101.0	773.0	0.0
99.466156	773.0	17.53519
94.91123	773.0	34.53779
87.47356	773.0	50.49136
77.379036	773.0	64.91136
64.93428	773.0	77.3598
50.517273	773.0	87.45859
34.565903	773.0	94.90099
17.564663	773.0	99.46096
0.02992737	773.0	100.99999
-17.505716	773.0	99.47135
-34.50966	773.0	94.921455
-50.465446	773.0	87.48851
-64.888435	773.0	77.39826
-77.34056	773.0	64.9572
-87.44362	773.0	50.543186
-94.89075	773.0	34.594025
-99.45575	773.0	17.594131
-100.999985	773.0	0.05985473
-99.47654	773.0	-17.47624
-94.93168	773.0	-34.48153
-87.50346	773.0	-50.43951
-77.417496	773.0	-64.865486
-64.9801	773.0	-77.32132
-50.569088	773.0	-87.42864
-34.622128	773.0	-94.8805
-17.62359	773.0	-99.45054
-0.08977006	773.0	-100.999954
17.446775	773.0	-99.481705
34.45341	773.0	-94.94189
50.41359	773.0	-87.5184
64.84255	773.0	-77.43671
77.302055	773.0	-65.00302
87.41365	773.0	-50.594997
94.870224	773.0	-34.65025
99.445305	773.0	-17.653069
114.0	793.0	0.0
112.26873	793.0	19.792196
107.127525	793.0	38.983246
98.73253	793.0	56.99025
87.338715	793.0	73.26629
73.29216	793.0	87.317
57.019493	793.0	98.71564
39.01498	793.0	107.11597
19.82546	793.0	112.26287
0.033779405	793.0	113.99999
-19.758928	793.0	112.2746
-38.951496	793.0	107.13907
-56.961	793.0	98.749405
-73.24041	793.0	87.36042
-87.29529	793.0	73.31803
-98.69874	793.0	57.048748
-107.1044	793.0	39.04672
-112.25699	793.0	19.858723
-113.99998	793.0	0.0675588
-112.28045	793.0	-19.725658
-107.15061	793.0	-38.919746
-98.76628	793.0	-56.931725
-87.38212	793.0	-73.21451
-73.34388	793.0	-87.27357
-57.07798	793.0	-98.68184
-39.07844	793.0	-107.09284
-19.891973	793.0	-112.2511
-0.10132462	793.0	-113.999954
19.6924	793.0	-112.286285
38.88801	793.0	-107.16213
56.90247	793.0	-98.78314
73.18863	793.0	-87.4038
87.25182	793.0	-73.36974
98.66491	793.0	-57.107224
107.081245	793.0	-39.110184
112.24519	793.0	-19.925245
127.0	813.0	0.0
125.07131	813.0	22.0492
119.34383	813.0	43.428703
109.9915	813.0	63.489136
97.29839	813.0	81.621216
81.65004	813.0	97.27421
63.521717	813.0	109.97268
43.464058	813.0	119.33095
22.086258	813.0	125.06477
0.037631445	813.0	126.99999
-22.012138	813.0	125.07784
-43.393333	813.0	119.35668
-63.45655	813.0	110.0103
-81.59239	813.0	97.32257
-97.250015	813.0	81.678856
-109.95386	813.0	63.554306
-119.31806	813.0	43.499416
-125.05822	813.0	22.123314
-126.99998	813.0	0.07526288
-125.08436	813.0	-21.975075
-119.36954	813.0	-43.357964
-110.029106	813.0	-63.42394
-97.34675	813.0	-81.56353
-81.70766	813.0	-97.225815
-63.586872	813.0	-109.93503
-43.534756	813.0	-119.30518
-22.160355	813.0	-125.05167
-0.11287918	813.0	-126.99995
21.938025	813.0	-125.09086
43.322605	813.0	-119.38238
63.391346	813.0	-110.04789
81.5347	813.0	-97.3709
97.20159	813.0	-81.73647
109.916176	813.0	-63.61945
119.29227	813.0	-43.570118
125.04509	813.0	-22.197422
141.0	828.0	0.0
138.8587	828.0	24.479822
132.49983	828.0	48.216118
122.11655	828.0	70.48794
108.0242	828.0	90.61883
90.65083	828.0	107.997345
70.52411	828.0	122.09566
48.25537	828.0	132.48553
24.520964	828.0	138.85144
0.04177979	828.0	140.99998
-24.438675	828.0	138.86595
-48.17685	828.0	132.51411
-70.45176	828.0	122.13742
-90.58682	828.0	108.05104
-107.97049	828.0	90.68282
-122.07475	828.0	70.560295
-132.47124	828.0	48.29463
-138.84416	828.0	24.562105
-140.99997	828.0	0.08355957
-138.87318	828.0	-24.397524
-132.52838	828.0	-48.13758
-122.1583	828.0	-70.41556
-108.07789	828.0	-90.55479
-90.7148	828.0	-107.94362
-70.59645	828.0	-122.05385
-48.333862	828.0	-132.45692
-24.60323	828.0	-138.83688
-0.12532255	828.0	-140.99994
24.35639	828.0	-138.8804
48.098324	828.0	-132.54263
70.37937	828.0	-122.17915
90.52277	828.0	-108.104706
107.916725	828.0	-90.74679
122.03291	828.0	-70.63262
132.4426	828.0	-48.373123
138.82959	828.0	-24.644382
163.0	850.0	0.0
160.5246	850.0	28.299368
153.17357	850.0	55.7392
141.1702	850.0	81.48606
124.879036	850.0	104.757935
104.79493	850.0	124.848
81.52787	850.0	141.14604
55.784576	850.0	153.15704
28.34693	850.0	160.5162
0.048298623	850.0	162.99998
-28.2518	850.0	160.53297
-55.693806	850.0	153.19008
-81.44423	850.0	141.19432
-104.72094	850.0	124.91007
-124.81695	850.0	104.83192
-141.12187	850.0	81.5697
-153.1405	850.0	55.82996
-160.5078	850.0	28.394491
-162.99997	850.0	0.09659724
-160.54134	850.0	-28.204231
-153.20657	850.0	-55.648407
-141.21846	850.0	-81.402374
-124.9411	850.0	-104.68391
-104.86888	850.0	-124.78589
-81.611496	850.0	-141.09772
-55.875317	850.0	-153.12398
-28.442032	850.0	-160.49937
-0.14487642	850.0	-162.99994
28.156677	850.0	-160.54968
55.603027	850.0	-153.22305
81.36055	850.0	-141.24257
104.6469	850.0	-124.97211
124.7548	850.0	-104.90587
141.07352	850.0	-81.65331
153.10739	850.0	-55.9207
160.49094	850.0	-28.489605
163.0	807.0	0.0
160.5246	807.0	28.299368
153.17357	807.0	55.7392
141.1702	807.0	81.48606
124.879036	807.0	104.757935
104.79493	807.0	124.848
81.52787	807.0	141.14604
55.784576	807.0	153.15704
28.34693	807.0	160.5162
0.048298623	807.0	162.99998
-28.2518	807.0	160.53297
-55.693806	807.0	153.19008
-81.44423	807.0	141.19432
-104.72094	807.0	124.91007
-124.81695	807.0	104.83192
-141.12187	807.0	81.5697
-153.1405	807.0	55.82996
-160.5078	807.0	28.394491
-162.99997	807.0	0.09659724
-160.54134	807.0	-28.204231
-153.20657	807.0	-55.648407
-141.21846	807.0	-81.402374
-124.9411	807.0	-104.68391
-104.86888	807.0	-124.78589
-81.611496	807.0	-141.09772
-55.875317	807.0	-153.12398
-28.442032	807.0	-160.49937
-0.14487642	807.0	-162.99994
28.156677	807.0	-160.54968
55.603027	807.0	-153.22305
81.36055	807.0	-141.24257
104.6469	807.0	-124.97211
124.7548	807.0	-104.90587
141.07352	807.0	-81.65331
153.10739	807.0	-55.9207
160.49094	807.0	-28.489605
205.0	794.0	0.0
201.88676	794.0	35.59123
192.6416	794.0	70.10145
177.54533	794.0	102.48247
157.05646	794.0	131.75078
131.7973	794.0	157.01743
102.53506	794.0	177.51495
70.158516	794.0	192.62082
35.651047	794.0	201.8762
0.060743667	794.0	204.99998
-35.531406	794.0	201.89731
-70.04436	794.0	192.66237
-102.42986	794.0	177.57568
-131.70425	794.0	157.09549
-156.97836	794.0	131.84383
-177.48457	794.0	102.58766
-192.60002	794.0	70.21559
-201.86563	794.0	35.71086
-204.99997	794.0	0.12148733
-201.90782	794.0	-35.471577
-192.6831	794.0	-69.98726
-177.60603	794.0	-102.37723
-157.13452	794.0	-131.65767
-131.8903	794.0	-156.9393
-102.64023	794.0	-177.45418
-70.27264	794.0	-192.57922
-35.770653	794.0	-201.85506
-0.18220654	794.0	-204.99991
35.411774	794.0	-201.91832
69.93019	794.0	-192.70384
102.324615	794.0	-177.63635
131.61113	794.0	-157.17351
156.9002	794.0	-131.93683
177.42374	794.0	-102.69282
192.55838	794.0	-70.32972
201.84444	794.0	-35.830486
248.0	812.0	0.0
244.23373	812.0	43.056705
233.04936	812.0	84.80566
214.78654	812.0	123.97879
190.00002	812.0	159.3863
159.4426	812.0	189.95279
124.04241	812.0	214.7498
84.874695	812.0	233.02422
43.12907	812.0	244.22098
0.073485024	812.0	247.99998
-42.984333	812.0	244.24649
-84.73659	812.0	233.07448
-123.91515	812.0	214.82327
-159.33002	812.0	190.04723
-189.90553	812.0	159.49887
-214.71304	812.0	124.10605
-232.99905	812.0	84.94374
-244.20818	812.0	43.201435
-247.99995	812.0	0.14697003
-244.25922	812.0	-42.911957
-233.09956	812.0	-84.66752
-214.85999	812.0	-123.85147
-190.09444	812.0	-159.27367
-159.5551	812.0	-189.85828
-124.16964	812.0	-214.67627
-85.01275	812.0	-232.97389
-43.273766	812.0	-244.19537
-0.22042547	812.0	-247.9999
42.839607	812.0	-244.27191
84.59847	812.0	-233.12463
123.78783	812.0	-214.89667
159.21736	812.0	-190.1416
189.81097	812.0	-159.61137
214.63945	812.0	-124.23326
232.94867	812.0	-85.0818
244.18253	812.0	-43.34615
248.0	858.0	0.0
244.23373	858.0	43.056705
233.04936	858.0	84.80566
214.78654	858.0	123.97879
190.00002	858.0	159.3863
159.4426	858.0	189.95279
124.04241	858.0	214.7498
84.874695	858.0	233.02422
43.12907	858.0	244.22098
0.073485024	858.0	247.99998
-42.984333	858.0	244.24649
-84.73659	858.0	233.07448
-123.91515	858.0	214.82327
-159.33002	858.0	190.04723
-189.90553	858.0	159.49887
-214.71304	858.0	124.10605
-232.99905	858.0	84.94374
-244.20818	858.0	43.201435
-247.99995	858.0	0.14697003
-244.25922	858.0	-42.911957
-233.09956	858.0	-84.66752
-214.85999	858.0	-123.85147
-190.09444	858.0	-159.27367
-159.5551	858.0	-189.85828
-124.16964	858.0	-214.67627
-85.01275	858.0	-232.97389
-43.273766	858.0	-244.19537
-0.22042547	858.0	-247.9999
42.839607	858.0	-244.27191
84.59847	858.0	-233.12463
123.78783	858.0	-214.89667
159.21736	858.0	-190.1416
189.81097	858.0	-159.61137
214.63945	858.0	-124.23326
232.94867	858.0	-85.0818
244.18253	858.0	-43.34615
204.0	878.0	0.0
200.90195	878.0	35.417614
191.70189	878.0	69.75949
176.67926	878.0	101.98255
156.29033	878.0	131.1081
131.15439	878.0	156.25148
102.03488	878.0	176.64903
69.81628	878.0	191.68121
35.47714	878.0	200.89145
0.060447358	878.0	203.99998
-35.35808	878.0	200.91245
-69.702675	878.0	191.72255
-101.93021	878.0	176.70946
-131.06178	878.0	156.32916
-156.21262	878.0	131.20068
-176.61879	878.0	102.087234
-191.6605	878.0	69.87308
-200.88092	878.0	35.536663
-203.99997	878.0	0.12089471
-200.92291	878.0	-35.298546
-191.7432	878.0	-69.64586
-176.73967	878.0	-101.87782
-156.36801	878.0	-131.01544
-131.24693	878.0	-156.17375
-102.13954	878.0	-176.58855
-69.92984	878.0	-191.63982
-35.59616	878.0	-200.87039
-0.18131773	878.0	-203.99991
35.239033	878.0	-200.93335
69.589066	878.0	-191.76382
101.82547	878.0	-176.76984
130.96912	878.0	-156.4068
156.13484	878.0	-131.29323
176.55826	878.0	-102.19187
191.61908	878.0	-69.98665
200.85982	878.0	-35.655704
219.0	894.0	0.0
215.67415	894.0	38.02185
205.79762	894.0	74.88886
189.67038	894.0	109.48127
167.78227	894.0	140.7484
140.7981	894.0	167.74055
109.53745	894.0	189.63792
74.94983	894.0	205.7754
38.085754	894.0	215.66289
0.06489202	894.0	218.99998
-37.95794	894.0	215.68541
-74.82787	894.0	205.8198
-109.42507	894.0	189.7028
-140.69868	894.0	167.82396
-167.69884	894.0	140.8478
-189.60547	894.0	109.59364
-205.75319	894.0	75.0108
-215.65158	894.0	38.149654
-218.99995	894.0	0.12978402
-215.69666	894.0	-37.894028
-205.84196	894.0	-74.766884
-189.73523	894.0	-109.368835
-167.86565	894.0	-140.64893
-140.89745	894.0	-167.6571
-109.6498	894.0	-189.573
-75.07174	894.0	-205.73097
-38.213528	894.0	-215.64027
-0.19464992	894.0	-218.99991
37.83014	894.0	-215.70787
74.70591	894.0	-205.8641
109.31264	894.0	-189.76761
140.59921	894.0	-167.9073
167.61534	894.0	-140.94714
189.54048	894.0	-109.705986
205.70871	894.0	-75.13272
215.62892	894.0	-38.277447
219.0	905.0	0.0
215.67415	905.0	38.02185
205.79762	905.0	74.88886
189.67038	905.0	109.48127
167.78227	905.0	140.7484
140.7981	905.0	167.74055
109.53745	905.0	189.63792
74.94983	905.0	205.7754
38.085754	905.0	215.66289
0.06489202	905.0	218.99998
-37.95794	905.0	215.68541
-74.82787	905.0	205.8198
-109.42507	905.0	189.7028
-140.69868	905.0	167.82396
-167.69884	905.0	140.8478
-189.60547	905.0	109.59364
-205.75319	905.0	75.0108
-215.65158	905.0	38.149654
-218.99995	905.0	0.12978402
-215.69666	905.0	-37.894028
-205.84196	905.0	-74.766884
-189.73523	905.0	-109.368835
-167.86565	905.0	-140.64893
-140.89745	905.0	-167.6571
-109.6498	905.0	-189.573
-75.07174	905.0	-205.73097
-38.213528	905.0	-215.64027
-0.19464992	905.0	-218.99991
37.83014	905.0	-215.70787
74.70591	905.0	-205.8641
109.31264	905.0	-189.76761
140.59921	905.0	-167.9073
167.61534	905.0	-140.94714
189.54048	905.0	-109.705986
205.70871	905.0	-75.13272
215.62892	905.0	-38.277447
225.0	922.0	0.0
221.58302	922.0	39.063545
211.43591	922.0	76.94061
194.86684	922.0	112.48076
172.37904	922.0	144.6045
144.65558	922.0	172.3362
112.538475	922.0	194.8335
77.00325	922.0	211.4131
39.1292	922.0	221.57146
0.06666988	922.0	224.99998
-38.997883	922.0	221.5946
-76.87795	922.0	211.4587
-112.42302	922.0	194.90015
-144.55344	922.0	172.42188
-172.29333	922.0	144.70663
-194.80014	922.0	112.596214
-211.39027	922.0	77.065895
-221.55984	922.0	39.194847
-224.99995	922.0	0.13333975
-221.60614	922.0	-38.93222
-211.48146	922.0	-76.815285
-194.93346	922.0	-112.36525
-172.4647	922.0	-144.50232
-144.75766	922.0	-172.25046
-112.65391	922.0	-194.76678
-77.1285	922.0	-211.36745
-39.26047	922.0	-221.54822
-0.19998279	922.0	-224.99991
38.86658	922.0	-221.61766
76.75265	922.0	-211.50421
112.3075	922.0	-194.96674
144.45123	922.0	-172.5075
172.20753	922.0	-144.80872
194.73338	922.0	-112.711624
211.34456	922.0	-77.191154
221.53658	922.0	-39.32614
256.0	932.0	0.0
252.11224	932.0	44.445633
240.56708	932.0	87.54132
221.71515	932.0	127.9781
196.12904	932.0	164.5278
164.5859	932.0	196.08029
128.04378	932.0	221.67722
87.61259	932.0	240.54112
44.520332	932.0	252.09908
0.07585551	932.0	255.99998
-44.370926	932.0	252.12541
-87.470024	932.0	240.593
-127.912415	932.0	221.75305
-164.4697	932.0	196.17778
-196.03152	932.0	164.644
-221.63927	932.0	128.10947
-240.51515	932.0	87.68386
-252.08586	932.0	44.595028
-255.99995	932.0	0.151711
-252.13855	932.0	-44.296215
-240.61891	932.0	-87.39873
-221.79095	932.0	-127.84668
-196.22652	932.0	-164.41153
-164.70204	932.0	-195.98274
-128.17511	932.0	-221.60132
-87.7551	932.0	-240.48918
-44.669693	932.0	-252.07265
-0.22753598	932.0	-255.9999
44.22153	932.0	-252.15166
87.32745	932.0	-240.64479
127.78098	932.0	-221.82881
164.35341	932.0	-196.2752
195.93391	932.0	-164.76013
221.56331	932.0	-128.24078
240.46315	932.0	-87.82638
252.05939	932.0	-44.74441
268.0	947.0	0.0
263.93	947.0	46.529022
251.84366	947.0	91.64482
232.10805	947.0	133.97708
205.32259	947.0	172.24004
172.30087	947.0	205.27156
134.04582	947.0	232.06833
91.71943	947.0	251.81648
46.607224	947.0	263.91623
0.07941124	947.0	267.99997
-46.450813	947.0	263.9438
-91.57018	947.0	251.8708
-133.90831	947.0	232.14772
-172.17921	947.0	205.37361
-205.2205	947.0	172.36168
-232.02861	947.0	134.1146
-251.7893	947.0	91.794044
-263.90237	947.0	46.68542
-267.99994	947.0	0.15882246
-263.95755	947.0	-46.3726
-251.89792	947.0	-91.495544
-232.18741	947.0	-133.8395
-205.42464	947.0	-172.11832
-172.42245	947.0	-205.16943
-134.18332	947.0	-231.98888
-91.868614	947.0	-251.76212
-46.763584	947.0	-263.88855
-0.23820172	947.0	-267.99988
46.294415	947.0	-263.97125
91.42093	947.0	-251.92502
133.77072	947.0	-232.22704
172.05748	947.0	-205.4756
205.11832	947.0	-172.48326
231.94908	947.0	-134.25208
251.73486	947.0	-91.94324
263.87466	947.0	-46.841805
304.0	964.0	0.0
299.3833	964.0	52.77919
285.6734	964.0	103.95532
263.28674	964.0	151.974
232.90324	964.0	195.37677
195.44577	964.0	232.84535
152.05199	964.0	263.2417
104.03995	964.0	285.64258
52.867893	964.0	299.36765
0.09007841	964.0	303.99997
-52.690475	964.0	299.39893
-103.87065	964.0	285.7042
-151.896	964.0	263.33176
-195.30777	964.0	232.96112
-232.78743	964.0	195.51474
-263.19662	964.0	152.12999
-285.61176	964.0	104.12459
-299.35196	964.0	52.956596
-303.99994	964.0	0.18015681
-299.41452	964.0	-52.601757
-285.73495	964.0	-103.78599
-263.37677	964.0	-151.81793
-233.01898	964.0	-195.2387
-195.58368	964.0	-232.7295
-152.20795	964.0	-263.15155
-104.209175	964.0	-285.5809
-53.04526	964.0	-299.33627
-0.27019897	964.0	-303.99988
52.51307	964.0	-299.43008
103.701355	964.0	-285.7657
151.73991	964.0	-263.42172
195.16968	964.0	-233.07681
232.67152	964.0	-195.65265
263.1064	964.0	-152.28593
285.55	964.0	-104.29382
299.32053	964.0	-53.133987
304.0	976.0	0.0
299.3833	976.0	52.77919
285.6734	976.0	103.95532
263.28674	976.0	151.974
232.90324	976.0	195.37677
195.44577	976.0	232.84535
152.05199	976.0	263.2417
104.03995	976.0	285.64258
52.867893	976.0	299.36765
0.09007841	976.0	303.99997
-52.690475	976.0	299.39893
-103.87065	976.0	285.7042
-151.896	976.0	263.33176
-195.30777	976.0	232.96112
-232.78743	976.0	195.51474
-263.19662	976.0	152.12999
-285.61176	976.0	104.12459
-299.35196	976.0	52.956596
-303.99994	976.0	0.18015681
-299.41452	976.0	-52.601757
-285.73495	976.0	-103.78599
-263.37677	976.0	-151.81793
-233.01898	976.0	-195.2387
-195.58368	976.0	-232.7295
-152.20795	976.0	-263.15155
-104.209175	976.0	-285.5809
-53.04526	976.0	-299.33627
-0.27019897	976.0	-303.99988
52.51307	976.0	-299.43008
103.701355	976.0	-285.7657
151.73991	976.0	-263.42172
195.16968	976.0	-233.07681
232.67152	976.0	-195.65265
263.1064	976.0	-152.28593
285.55	976.0	-104.29382
299.32053	976.0	-53.133987
4	0	36	37	1
4	1	37	38	2
4	2	38	39	3
4	3	39	40	4
4	4	40	41	5
4	5	41	42	6
4	6	42	43	7
4	7	43	44	8
4	8	44	45	9
4	9	45	46	10
4	10	46	47	11
4	11	47	48	12
4	12	48	49	13
4	13	49	50	14
4	14	50	51	15
4	15	51	52	16
4	16	52	53	17
4	17	53	54	18
4	18	54	55	19
4	19	55	56	20
4	20	56	57	21
4	21	57	58	22
4	22	58	59	23
4	23	59	60	24
4	24	60	61	25
4	25	61	62	26
4	26	62	63	27
4	27	63	64	28
4	28	64	65	29
4	29	65	66	30
4	30	66	67	31
4	31	67	68	32
4	32	68	69	33
4	33	69	70	34
4	34	70	71	35
4	35	71	36	0
4	36	72	73	37
4	37	73	74	38
4	38	74	75	39
4	39	75	76	40
4	40	76	77	41
4	41	77	78	42
4	42	78	79	43
4	43	79	80	44
4	44	80	81	45
4	45	81	82	46
4	46	82	83	47
4	47	83	84	48
4	48	84	85	49
4	49	85	86	50
4	50	86	87	51
4	51	87	88	52
4	52	88	89	53
4	53	89	90	54
4	54	90	91	55
4	55	91	92	56
4	56	92	93	57
4	57	93	94	58
4	58	94	95	59
4	59	95	96	60
4	60	96	97	61
4	61	97	98	62
4	62	98	99	63
4	63	99	100	64
4	64	100	101	65
4	65	101	102	66
4	66	102	103	67
4	67	103	104	68
4	68	104	105	69
4	69	105	106	70
4	70	106	107	71
4	71	107	72	36
4	72	108	109	73
4	73	109	110	74
4	74	110	111	75
4	75	111	112	76
4	76	112	113	77
4	77	113	114	78
4	78	114	115	79
4	79	115	116	80
4	80	116	117	81
4	81	117	118	82
4	82	118	119	83
4	83	119	120	84
4	84	120	121	85
4	85	121	122	86
4	86	122	123	87
4	87	123	124	88
4	88	124	125	89
4	89	125	126	90
4	90	126	127	91
4	91	127	128	92
4	92	128	129	93
4	93	129	130	94
4	94	130	131	95
4	95	131	132	96
4	96	132	133	97
4	97	133	134	98
4	98	134	135	99
4	99	135	136	100
4	100	136	137	101
4	101	137	138	102
4	102	138	139	103
4	103	139	140	104
4	104	140	141	105
4	105	141	142	106
4	106	142	143	107
4	107	143	108	72
4	108	144	145	109
4	109	145	146	110
4	110	146	147	111
4	111	147	148	112
4	112	148	149	113
4	113	149	150	114
4	114	150	151	115
4	115	151	152	116
4	116	152	153	117
4	117	153	154	118
4	118	154	155	119
4	119	155	156	120
4	120	156	157	121
4	121	157	158	122
4	122	158	159	123
4	123	159	160	124
4	124	160	161	125
4	125	161	162	126
4	126	162	163	127
4	127	163	164	128
4	128	164	165	129
4	129	165	166	130
4	130	166	167	131
4	131	167	168	132
4	132	168	169	133
4	133	169	170	134
4	134	170	171	135
4	135	171	172	136
4	136	172	173	137
4	137	173	174	138
4	138	174	175	139
4	139	175	176	140
4	140	176	177	141
4	141	177	178	142
4	142	178	179	143
4	143	179	144	108
4	144	180	181	145
4	145	181	182	146
4	146	182	183	147
4	147	183	184	148
4	148	184	185	149
4	149	185	186	150
4	150	186	187	151
4	151	187	188	152
4	152	188	189	153
4	153	189	190	154
4	154	190	191	155
4	155	191	192	156
4	156	192	193	157
4	157	193	194	158
4	158	194	195	159
4	159	195	196	160
4	160	196	197	161
4	161	197	198	162
4	162	198	199	163
4	163	199	200	164
4	164	200	201	165
4	165	201	202	166
4	166	202	203	167
4	167	203	204	168
4	168	204	205	169
4	169	205	206	170
4	170	206	207	171
4	171	207	208	172
4	172	208	209	173
4	173	209	210	174
4	174	210	211	175
4	175	211	212	176
4	176	212	213	177
4	177	213	214	178
4	178	214	215	179
4	179	215	180	144
4	180	216	217	181
4	181	217	218	182
4	182	218	219	183
4	183	219	220	184
4	184	220	221	185
4	185	221	222	186
4	186	222	223	187
4	187	223	224	188
4	188	224	225	189
4	189	225	226	190
4	190	226	227	191
4	191	227	228	192
4	192	228	229	193
4	193	229	230	194
4	194	230	231	195
4	195	231	232	196
4	196	232	233	197
4	197	233	234	198
4	198	234	235	199
4	199	235	236	200
4	200	236	237	201
4	201	237	238	202
4	202	238	239	203
4	203	239	240	204
4	204	240	241	205
4	205	241	242	206
4	206	242	243	207
4	207	243	244	208
4	208	244	245	209
4	209	245	246	210
4	210	246	247	211
4	211	247	248	212
4	212	248	249	213
4	213	249	250	214
4	214	250	251	215
4	215	251	216	180
4	216	252	253	217
4	217	253	254	218
4	218	254	255	219
4	219	255	256	220
4	220	256	257	221
4	221	257	258	222
4	222	258	259	223
4	223	259	260	224
4	224	260	261	225
4	225	261	262	226
4	226	262	263	227
4	227	263	264	228
4	228	264	265	229
4	229	265	266	230
4	230	266	267	231
4	231	267	268	232
4	232	268	269	233
4	233	269	270	234
4	234	270	271	235
4	235	271	272	236
4	236	272	273	237
4	237	273	274	238
4	238	274	275	239
4	239	275	276	240
4	240	276	277	241
4	241	277	278	242
4	242	278	279	243
4	243	279	280	244
4	244	280	281	245
4	245	281	282	246
4	246	282	283	247
4	247	283	284	248
4	248	284	285	249
4	249	285	286	250
4	250	286	287	251
4	251	287	252	216
4	252	288	289	253
4	253	289	290	254
4	254	290	291	255
4	255	291	292	256
4	256	292	293	257
4	257	293	294	258
4	258	294	295	259
4	259	295	296	260
4	260	296	297	261
4	261	297	298	262
4	262	298	299	263
4	263	299	300	264
4	264	300	301	265
4	265	301	302	266
4	266	302	303	267
4	267	303	304	268
4	268	304	305	269
4	269	305	306	270
4	270	306	307	271
4	271	307	308	272
4	272	308	309	273
4	273	309	310	274
4	274	310	311	275
4	275	311	312	276
4	276	312	313	277
4	277	313	314	278
4	278	314	315	279
4	279	315	316	280
4	280	316	317	281
4	281	317	318	282
4	282	318	319	283
4	283	319	320	284
4	284	320	321	285
4	285	321	322	286
4	286	322	323	287
4	287	323	288	252
4	288	324	325	289
4	289	325	326	290
4	290	326	327	291
4	291	327	328	292
4	292	328	329	293
4	293	329	330	294
4	294	330	331	295
4	295	331	332	296
4	296	332	333	297
4	297	333	334	298
4	298	334	335	299
4	299	335	336	300
4	300	336	337	301
4	301	337	338	302
4	302	338	339	303
4	303	339	340	304
4	304	340	341	305
4	305	341	342	306
4	306	342	343	307
4	307	343	344	308
4	308	344	345	309
4	309	345	346	310
4	310	346	347	311
4	311	347	348	312
4	312	348	349	313
4	313	349	350	314
4	314	350	351	315
4	315	351	352	316
4	316	352	353	317
4	317	353	354	318
4	318	354	355	319
4	319	355	356	320
4	320	356	357	321
4	321	357	358	322
4	322	358	359	323
4	323	359	324	288
4	324	360	361	325
4	325	361	362	326
4	326	362	363	327
4	327	363	364	328
4	328	364	365	329
4	329	365	366	330
4	330	366	367	331
4	331	367	368	332
4	332	368	369	333
4	333	369	370	334
4	334	370	371	335
4	335	371	372	336
4	336	372	373	337
4	337	373	374	338
4	338	374	375	339
4	339	375	376	340
4	340	376	377	341
4	341	377	378	342
4	342	378	379	343
4	343	379	380	344
4	344	380	381	345
4	345	381	382	346
4	346	382	383	347
4	347	383	384	348
4	348	384	385	349
4	349	385	386	350
4	350	386	387	351
4	351	387	388	352
4	352	388	389	353
4	353	389	390	354
4	354	390	391	355
4	355	391	392	356
4	356	392	393	357
4	357	393	394	358
4	358	394	395	359
4	359	395	360	324
4	360	396	397	361
4	361	397	398	362
4	362	398	399	363
4	363	399	400	364
4	364	400	401	365
4	365	401	402	366
4	366	402	403	367
4	367	403	404	368
4	368	404	405	369
4	369	405	406	370
4	370	406	407	371
4	371	407	408	372
4	372	408	409	373
4	373	409	410	374
4	374	410	411	375
4	375	411	412	376
4	376	412	413	377
4	377	413	414	378
4	378	414	415	379
4	379	415	416	380
4	380	416	417	381
4	381	417	418	382
4	382	418	419	383
4	383	419	420	384
4	384	420	421	385
4	385	421	422	386
4	386	422	423	387
4	387	423	424	388
4	388	424	425	389
4	389	425	426	390
4	390	426	427	391
4	391	427	428	392
4	392	428	429	393
4	393	429	430	394
4	394	430	431	395
4	395	431	396	360
4	396	432	433	397
4	397	433	434	398
4	398	434	435	399
4	399	435	436	400
4	400	436	437	401
4	401	437	438	402
4	402	438	439	403
4	403	439	440	404
4	404	440	441	405
4	405	441	442	406
4	406	442	443	407
4	407	443	444	408
4	408	444	445	409
4	409	445	446	410
4	410	446	447	411
4	411	447	448	412
4	412	448	449	413
4	413	449	450	414
4	414	450	451	415
4	415	451	452	416
4	416	452	453	417
4	417	453	454	418
4	418	454	455	419
4	419	455	456	420
4	420	456	457	421
4	421	457	458	422
4	422	458	459	423
4	423	459	460	424
4	424	460	461	425
4	425	461	462	426
4	426	462	463	427
4	427	463	464	428
4	428	464	465	429
4	429	465	466	430
4	430	466	467	431
4	431	467	432	396
4	432	468	469	433
4	433	469	470	434
4	434	470	471	435
4	435	471	472	436
4	436	472	473	437
4	437	473	474	438
4	438	474	475	439
4	439	475	476	440
4	440	476	477	441
4	441	477	478	442
4	442	478	479	443
4	443	479	480	444
4	444	480	481	445
4	445	481	482	446
4	446	482	483	447
4	447	483	484	448
4	448	484	485	449
4	449	485	486	450
4	450	486	487	451
4	451	487	488	452
4	452	488	489	453
4	453	489	490	454
4	454	490	491	455
4	455	491	492	456
4	456	492	493	457
4	457	493	494	458
4	458	494	495	459
4	459	495	496	460
4	460	496	497	461
4	461	497	498	462
4	462	498	499	463
4	463	499	500	464
4	464	500	501	465
4	465	501	502	466
4	466	502	503	467
4	467	503	468	432
4	468	504	505	469
4	469	505	506	470
4	470	506	507	471
4	471	507	508	472
4	472	508	509	473
4	473	509	510	474
4	474	510	511	475
4	475	511	512	476
4	476	512	513	477
4	477	513	514	478
4	478	514	515	479
4	479	515	516	480
4	480	516	517	481
4	481	517	518	482
4	482	518	519	483
4	483	519	520	484
4	484	520	521	485
4	485	521	522	486
4	486	522	523	487
4	487	523	524	488
4	488	524	525	489
4	489	525	526	490
4	490	526	527	491
4	491	527	528	492
4	492	528	529	493
4	493	529	530	494
4	494	530	531	495
4	495	531	532	496
4	496	532	533	497
4	497	533	534	498
4	498	534	535	499
4	499	535	536	500
4	500	536	537	501
4	501	537	538	502
4	502	538	539	503
4	503	539	504	468
4	504	540	541	505
4	505	541	542	506
4	506	542	543	507
4	507	543	544	508
4	508	544	545	509
4	509	545	546	510
4	510	546	547	511
4	511	547	548	512
4	512	548	549	513
4	513	549	550	514
4	514	550	551	515
4	515	551	552	516
4	516	552	553	517
4	517	553	554	518
4	518	554	555	519
4	519	555	556	520
4	520	556	557	521
4	521	557	558	522
4	522	558	559	523
4	523	559	560	524
4	524	560	561	525
4	525	561	562	526
4	526	562	563	527
4	527	563	564	528
4	528	564	565	529
4	529	565	566	530
4	530	566	567	531
4	531	567	568	532
4	532	568	569	533
4	533	569	570	534
4	534	570	571	535
4	535	571	572	536
4	536	572	573	537
4	537	573	574	538
4	538	574	575	539
4	539	575	540	504
4	540	576	577	541
4	541	577	578	542
4	542	578	579	543
4	543	579	580	544
4	544	580	581	545
4	545	581	582	546
4	546	582	583	547
4	547	583	584	548
4	548	584	585	549
4	549	585	586	550
4	550	586	587	551
4	551	587	588	552
4	552	588	589	553
4	553	589	590	554
4	554	590	591	555
4	555	591	592	556
4	556	592	593	557
4	557	593	594	558
4	558	594	595	559
4	559	595	596	560
4	560	596	597	561
4	561	597	598	562
4	562	598	599	563
4	563	599	600	564
4	564	600	601	565
4	565	601	602	566
4	566	602	603	567
4	567	603	604	568
4	568	604	605	569
4	569	605	606	570
4	570	606	607	571
4	571	607	608	572
4	572	608	609	573
4	573	609	610	574
4	574	610	611	575
4	575	611	576	540
4	576	612	613	577
4	577	613	614	578
4	578	614	615	579
4	579	615	616	580
4	580	616	617	581
4	581	617	618	582
4	582	618	619	583
4	583	619	620	584
4	584	620	621	585
4	585	621	622	586
4	586	622	623	587
4	587	623	624	588
4	588	624	625	589
4	589	625	626	590
4	590	626	627	591
4	591	627	628	592
4	592	628	629	593
4	593	629	630	594
4	594	630	631	595
4	595	631	632	596
4	596	632	633	597
4	597	633	634	598
4	598	634	635	599
4	599	635	636	600
4	600	636	637	601
4	601	637	638	602
4	602	638	639	603
4	603	639	640	604
4	604	640	641	605
4	605	641	642	606
4	606	642	643	607
4	607	643	644	608
4	608	644	645	609
4	609	645	646	610
4	610	646	647	611
4	611	647	612	576
4	612	648	649	613
4	613	649	650	614
4	614	650	651	615
4	615	651	652	616
4	616	652	653	617
4	617	653	654	618
4	618	654	655	619
4	619	655	656	620
4	620	656	657	621
4	621	657	658	622
4	622	658	659	623
4	623	659	660	624
4	624	660	661	625
4	625	661	662	626
4	626	662	663	627
4	627	663	664	628
4	628	664	665	629
4	629	665	666	630
4	630	666	667	631
4	631	667	668	632
4	632	668	669	633
4	633	669	670	634
4	634	670	671	635
4	635	671	672	636
4	636	672	673	637
4	637	673	674	638
4	638	674	675	639
4	639	675	676	640
4	640	676	677	641
4	641	677	678	642
4	642	678	679	643
4	643	679	680	644
4	644	680	681	645
4	645	681	682	646
4	646	682	683	647
4	647	683	648	612
4	648	684	685	649
4	649	685	686	650
4	650	686	687	651
4	651	687	688	652
4	652	688	689	653
4	653	689	690	654
4	654	690	691	655
4	655	691	692	656
4	656	692	693	657
4	657	693	694	658
4	658	694	695	659
4	659	695	696	660
4	660	696	697	661
4	661	697	698	662
4	662	698	699	663
4	663	699	700	664
4	664	700	701	665
4	665	701	702	666
4	666	702	703	667
4	667	703	704	668
4	668	704	705	669
4	669	705	706	670
4	670	706	707	671
4	671	707	708	672
4	672	708	709	673
4	673	709	710	674
4	674	710	711	675
4	675	711	712	676
4	676	712	713	677
4	677	713	714	678
4	678	714	715	679
4	679	715	716	680
4	680	716	717	681
4	681	717	718	682
4	682	718	719	683
4	683	719	684	648
4	684	720	721	685
4	685	721	722	686
4	686	722	723	687
4	687	723	724	688
4	688	724	725	689
4	689	725	726	690
4	690	726	727	691
4	691	727	728	692
4	692	728	729	693
4	693	729	730	694
4	694	730	731	695
4	695	731	732	696
4	696	732	733	697
4	697	733	734	698
4	698	734	735	699
4	699	735	736	700
4	700	736	737	701
4	701	737	738	702
4	702	738	739	703
4	703	739	740	704
4	704	740	741	705
4	705	741	742	706
4	706	742	743	707
4	707	743	744	708
4	708	744	745	709
4	709	745	746	710
4	710	746	747	711
4	711	747	748	712
4	712	748	749	713
4	713	749	750	714
4	714	750	751	715
4	715	751	752	716
4	716	752	753	717
4	717	753	754	718
4	718	754	755	719
4	719	755	720	684
4	720	756	757	721
4	721	757	758	722
4	722	758	759	723
4	723	759	760	724
4	724	760	761	725
4	725	761	762	726
4	726	762	763	727
4	727	763	764	728
4	728	764	765	729
4	729	765	766	730
4	730	766	767	731
4	731	767	768	732
4	732	768	769	733
4	733	769	770	734
4	734	770	771	735
4	735	771	772	736
4	736	772	773	737
4	737	773	774	738
4	738	774	775	739
4	739	775	776	740
4	740	776	777	741
4	741	777	778	742
4	742	778	779	743
4	743	779	780	744
4	744	780	781	745
4	745	781	782	746
4	746	782	783	747
4	747	783	784	748
4	748	784	785	749
4	749	785	786	750
4	750	786	787	751
4	751	787	788	752
4	752	788	789	753
4	753	789	790	754
4	754	790	791	755
4	755	791	756	720
4	756	792	793	757
4	757	793	794	758
4	758	794	795	759
4	759	795	796	760
4	760	796	797	761
4	761	797	798	762
4	762	798	799	763
4	763	799	800	764
4	764	800	801	765
4	765	801	802	766
4	766	802	803	767
4	767	803	804	768
4	768	804	805	769
4	769	805	806	770
4	770	806	807	771
4	771	807	808	772
4	772	808	809	773
4	773	809	810	774
4	774	810	811	775
4	775	811	812	776
4	776	812	813	777
4	777	813	814	778
4	778	814	815	779
4	779	815	816	780
4	780	816	817	781
4	781	817	818	782
4	782	818	819	783
4	783	819	820	784
4	784	820	821	785
4	785	821	822	786
4	786	822	823	787
4	787	823	824	788
4	788	824	825	789
4	789	825	826	790
4	790	826	827	791
4	791	827	792	756
4	792	828	829	793
4	793	829	830	794
4	794	830	831	795
4	795	831	832	796
4	796	832	833	797
4	797	833	834	798
4	798	834	835	799
4	799	835	836	800
4	800	836	837	801
4	801	837	838	802
4	802	838	839	803
4	803	839	840	804
4	804	840	841	805
4	805	841	842	806
4	806	842	843	807
4	807	843	844	808
4	808	844	845	809
4	809	845	846	810
4	810	846	847	811
4	811	847	848	812
4	812	848	849	813
4	813	849	850	814
4	814	850	851	815
4	815	851	852	816
4	816	852	853	817
4	817	853	854	818
4	818	854	855	819
4	819	855	856	820
4	820	856	857	821
4	821	857	858	822
4	822	858	859	823
4	823	859	860	824
4	824	860	861	825
4	825	861	862	826
4	826	862	863	827
4	827	863	828	792
4	828	864	865	829
4	829	865	866	830
4	830	866	867	831
4	831	867	868	832
4	832	868	869	833
4	833	869	870	834
4	834	870	871	835
4	835	871	872	836
4	836	872	873	837
4	837	873	874	838
4	838	874	875	839
4	839	875	876	840
4	840	876	877	841
4	841	877	878	842
4	842	878	879	843
4	843	879	880	844
4	844	880	881	845
4	845	881	882	846
4	846	882	883	847
4	847	883	884	848
4	848	884	885	849
4	849	885	886	850
4	850	886	887	851
4	851	887	888	852
4	852	888	889	853
4	853	889	890	854
4	854	890	891	855
4	855	891	892	856
4	856	892	893	857
4	857	893	894	858
4	858	894	895	859
4	859	895	896	860
4	860	896	897	861
4	861	897	898	862
4	862	898	899	863
4	863	899	864	828
4	864	900	901	865
4	865	901	902	866
4	866	902	903	867
4	867	903	904	868
4	868	904	905	869
4	869	905	906	870
4	870	906	907	871
4	871	907	908	872
4	872	908	909	873
4	873	909	910	874
4	874	910	911	875
4	875	911	912	876
4	876	912	913	877
4	877	913	914	878
4	878	914	915	879
4	879	915	916	880
4	880	916	917	881
4	881	917	918	882
4	882	918	919	883
4	883	919	920	884
4	884	920	921	885
4	885	921	922	886
4	886	922	923	887
4	887	923	924	888
4	888	924	925	889
4	889	925	926	890
4	890	926	927	891
4	891	927	928	892
4	892	928	929	893
4	893	929	930	894
4	894	930	931	895
4	895	931	932	896
4	896	932	933	897
4	897	933	934	898
4	898	934	935	899
4	899	935	900	864
4	900	936	937	901
4	901	937	938	902
4	902	938	939	903
4	903	939	940	904
4	904	940	941	905
4	905	941	942	906
4	906	942	943	907
4	907	943	944	908
4	908	944	945	909
4	909	945	946	910
4	910	946	947	911
4	911	947	948	912
4	912	948	949	913
4	913	949	950	914
4	914	950	951	915
4	915	951	952	916
4	916	952	953	917
4	917	953	954	918
4	918	954	955	919
4	919	955	956	920
4	920	956	957	921
4	921	957	958	922
4	922	958	959	923
4	923	959	960	924
4	924	960	961	925
4	925	961	962	926
4	926	962	963	927
4	927	963	964	928
4	928	964	965	929
4	929	965	966	930
4	930	966	967	931
4	931	967	968	932
4	932	968	969	933
4	933	969	970	934
4	934	970	971	935
4	935	971	936	900
4	936	972	973	937
4	937	973	974	938
4	938	974	975	939
4	939	975	976	940
4	940	976	977	941
4	941	977	978	942
4	942	978	979	943
4	943	979	980	944
4	944	980	981	945
4	945	981	982	946
4	946	982	983	947
4	947	983	984	948
4	948	984	985	949
4	949	985	986	950
4	950	986	987	951
4	951	987	988	952
4	952	988	989	953
4	953	989	990	954
4	954	990	991	955
4	955	991	992	956
4	956	992	993	957
4	957	993	994	958
4	958	994	995	959
4	959	995	996	960
4	960	996	997	961
4	961	997	998	962
4	962	998	999	963
4	963	999	1000	964
4	964	1000	1001	965
4	965	1001	1002	966
4	966	1002	1003	967
4	967	1003	1004	968
4	968	1004	1005	969
4	969	1005	1006	970
4	970	1006	1007	971
4	971	1007	972	936
4	972	1008	1009	973
4	973	1009	1010	974
4	974	1010	1011	975
4	975	1011	1012	976
4	976	1012	1013	977
4	977	1013	1014	978
4	978	1014	1015	979
4	979	1015	1016	980
4	980	1016	1017	981
4	981	1017	1018	982
4	982	1018	1019	983
4	983	1019	1020	984
4	984	1020	1021	985
4	985	1021	1022	986
4	986	1022	1023	987
4	987	1023	1024	988
4	988	1024	1025	989
4	989	1025	1026	990
4	990	1026	1027	991
4	991	1027	1028	992
4	992	1028	1029	993
4	993	1029	1030	994
4	994	1030	1031	995
4	995	1031	1032	996
4	996	1032	1033	997
4	997	1033	1034	998
4	998	1034	1035	999
4	999	1035	1036	1000
4	1000	1036	1037	1001
4	1001	1037	1038	1002
4	1002	1038	1039	1003
4	1003	1039	1040	1004
4	1004	1040	1041	1005
4	1005	1041	1042	1006
4	1006	1042	1043	1007
4	1007	1043	1008	972
4	1008	1044	1045	1009
4	1009	1045	1046	1010
4	1010	1046	1047	1011
4	1011	1047	1048	1012
4	1012	1048	1049	1013
4	1013	1049	1050	1014
4	1014	1050	1051	1015
4	1015	1051	1052	1016
4	1016	1052	1053	1017
4	1017	1053	1054	1018
4	1018	1054	1055	1019
4	1019	1055	1056	1020
4	1020	1056	1057	1021
4	1021	1057	1058	1022
4	1022	1058	1059	1023
4	1023	1059	1060	1024
4	1024	1060	1061	1025
4	1025	1061	1062	1026
4	1026	1062	1063	1027
4	1027	1063	1064	1028
4	1028	1064	1065	1029
4	1029	1065	1066	1030
4	1030	1066	1067	1031
4	1031	1067	1068	1032
4	1032	1068	1069	1033
4	1033	1069	1070	1034
4	1034	1070	1071	1035
4	1035	1071	1072	1036
4	1036	1072	1073	1037
4	1037	1073	1074	1038
4	1038	1074	1075	1039
4	1039	1075	1076	1040
4	1040	1076	1077	1041
4	1041	1077	1078	1042
4	1042	1078	1079	1043
4	1043	1079	1044	1008
4	1044	1080	1081	1045
4	1045	1081	1082	1046
4	1046	1082	1083	1047
4	1047	1083	1084	1048
4	1048	1084	1085	1049
4	1049	1085	1086	1050
4	1050	1086	1087	1051
4	1051	1087	1088	1052
4	1052	1088	1089	1053
4	1053	1089	1090	1054
4	1054	1090	1091	1055
4	1055	1091	1092	1056
4	1056	1092	1093	1057
4	1057	1093	1094	1058
4	1058	1094	1095	1059
4	1059	1095	1096	1060
4	1060	1096	1097	1061
4	1061	1097	1098	1062
4	1062	1098	1099	1063
4	1063	1099	1100	1064
4	1064	1100	1101	1065
4	1065	1101	1102	1066
4	1066	1102	1103	1067
4	1067	1103	1104	1068
4	1068	1104	1105	1069
4	1069	1105	1106	1070
4	1070	1106	1107	1071
4	1071	1107	1108	1072
4	1072	1108	1109	1073
4	1073	1109	1110	1074
4	1074	1110	1111	1075
4	1075	1111	1112	1076
4	1076	1112	1113	1077
4	1077	1113	1114	1078
4	1078	1114	1115	1079
4	1079	1115	1080	1044
4	1080	1116	1117	1081
4	1081	1117	1118	1082
4	1082	1118	1119	1083
4	1083	1119	1120	1084
4	1084	1120	1121	1085
4	1085	1121	1122	1086
4	1086	1122	1123	1087
4	1087	1123	1124	1088
4	1088	1124	1125	1089
4	1089	1125	1126	1090
4	1090	1126	1127	1091
4	1091	1127	1128	1092
4	1092	1128	1129	1093
4	1093	1129	1130	1094
4	1094	1130	1131	1095
4	1095	1131	1132	1096
4	1096	1132	1133	1097
4	1097	1133	1134	1098
4	1098	1134	1135	1099
4	1099	1135	1136	1100
4	1100	1136	1137	1101
4	1101	1137	1138	1102
4	1102	1138	1139	1103
4	1103	1139	1140	1104
4	1104	1140	1141	1105
4	1105	1141	1142	1106
4	1106	1142	1143	1107
4	1107	1143	1144	1108
4	1108	1144	1145	1109
4	1109	1145	1146	1110
4	1110	1146	1147	1111
4	1111	1147	1148	1112
4	1112	1148	1149	1113
4	1113	1149	1150	1114
4	1114	1150	1151	1115
4	1115	1151	1116	1080
4	1116	1152	1153	1117
4	1117	1153	1154	1118
4	1118	1154	1155	1119
4	1119	1155	1156	1120
4	1120	1156	1157	1121
4	1121	1157	1158	1122
4	1122	1158	1159	1123
4	1123	1159	1160	1124
4	1124	1160	1161	1125
4	1125	1161	1162	1126
4	1126	1162	1163	1127
4	1127	1163	1164	1128
4	1128	1164	1165	1129
4	1129	1165	1166	1130
4	1130	1166	1167	1131
4	1131	1167	1168	1132
4	1132	1168	1169	1133
4	1133	1169	1170	1134
4	1134	1170	1171	1135
4	1135	1171	1172	1136
4	1136	1172	1173	1137
4	1137	1173	1174	1138
4	1138	1174	1175	1139
4	1139	1175	1176	1140
4	1140	1176	1177	1141
4	1141	1177	1178	1142
4	1142	1178	1179	1143
4	1143	1179	1180	1144
4	1144	1180	1181	1145
4	1145	1181	1182	1146
4	1146	1182	1183	1147
4	1147	1183	1184	1148
4	1148	1184	1185	1149
4	1149	1185	1186	1150
4	1150	1186	1187	1151
4	1151	1187	1152	1116
4	1152	1188	1189	1153
4	1153	1189	1190	1154
4	1154	1190	1191	1155
4	1155	1191	1192	1156
4	1156	1192	1193	1157
4	1157	1193	1194	1158
4	1158	1194	1195	1159
4	1159	1195	1196	1160
4	1160	1196	1197	1161
4	1161	1197	1198	1162
4	1162	1198	1199	1163
4	1163	1199	1200	1164
4	1164	1200	1201	1165
4	1165	1201	1202	1166
4	1166	1202	1203	1167
4	1167	1203	1204	1168
4	1168	1204	1205	1169
4	1169	1205	1206	1170
4	1170	1206	1207	1171
4	1171	1207	1208	1172
4	1172	1208	1209	1173
4	1173	1209	1210	1174
4	1174	1210	1211	1175
4	1175	1211	1212	1176
4	1176	1212	1213	1177
4	1177	1213	1214	1178
4	1178	1214	1215	1179
4	1179	1215	1216	1180
4	1180	1216	1217	1181
4	1181	1217	1218	1182
4	1182	1218	1219	1183
4	1183	1219	1220	1184
4	1184	1220	1221	1185
4	1185	1221	1222	1186
4	1186	1222	1223	1187
4	1187	1223	1188	1152
4	1188	1224	1225	1189
4	1189	1225	1226	1190
4	1190	1226	1227	1191
4	1191	1227	1228	1192
4	1192	1228	1229	1193
4	1193	1229	1230	1194
4	1194	1230	1231	1195
4	1195	1231	1232	1196
4	1196	1232	1233	1197
4	1197	1233	1234	1198
4	1198	1234	1235	1199
4	1199	1235	1236	1200
4	1200	1236	1237	1201
4	1201	1237	1238	1202
4	1202	1238	1239	1203
4	1203	1239	1240	1204
4	1204	1240	1241	1205
4	1205	1241	1242	1206
4	1206	1242	1243	1207
4	1207	1243	1244	1208
4	1208	1244	1245	1209
4	1209	1245	1246	1210
4	1210	1246	1247	1211
4	1211	1247	1248	1212
4	1212	1248	1249	1213
4	1213	1249	1250	1214
4	1214	1250	1251	1215
4	1215	1251	1252	1216
4	1216	1252	1253	1217
4	1217	1253	1254	1218
4	1218	1254	1255	1219
4	1219	1255	1256	1220
4	1220	1256	1257	1221
4	1221	1257	1258	1222
4	1222	1258	1259	1223
4	1223	1259	1224	1188
4	1224	1260	1261	1225
4	1225	1261	1262	1226
4	1226	1262	1263	1227
4	1227	1263	1264	1228
4	1228	1264	1265	1229
4	1229	1265	1266	1230
4	1230	1266	1267	1231
4	1231	1267	1268	1232
4	1232	1268	1269	1233
4	1233	1269	1270	1234
4	1234	1270	1271	1235
4	1235	1271	1272	1236
4	1236	1272	1273	1237
4	1237	1273	1274	1238
4	1238	1274	1275	1239
4	1239	1275	1276	1240
4	1240	1276	1277	1241
4	1241	1277	1278	1242
4	1242	1278	1279	1243
4	1243	1279	1280	1244
4	1244	1280	1281	1245
4	1245	1281	1282	1246
4	1246	1282	1283	1247
4	1247	1283	1284	1248
4	1248	1284	1285	1249
4	1249	1285	1286	1250
4	1250	1286	1287	1251
4	1251	1287	1288	1252
4	1252	1288	1289	1253
4	1253	1289	1290	1254
4	1254	1290	1291	1255
4	1255	1291	1292	1256
4	1256	1292	1293	1257
4	1257	1293	1294	1258
4	1258	1294	1295	1259
4	1259	1295	1260	1224
4	1260	1296	1297	1261
4	1261	1297	1298	1262
4	1262	1298	1299	1263
4	1263	1299	1300	1264
4	1264	1300	1301	1265
4	1265	1301	1302	1266
4	1266	1302	1303	1267
4	1267	1303	1304	1268
4	1268	1304	1305	1269
4	1269	1305	1306	1270
4	1270	1306	1307	1271
4	1271	1307	1308	1272
4	1272	1308	1309	1273
4	1273	1309	1310	1274
4	1274	1310	1311	1275
4	1275	1311	1312	1276
4	1276	1312	1313	1277
4	1277	1313	1314	1278
4	1278	1314	1315	1279
4	1279	1315	1316	1280
4	1280	1316	1317	1281
4	1281	1317	1318	1282
4	1282	1318	1319	1283
4	1283	1319	1320	1284
4	1284	1320	1321	1285
4	1285	1321	1322	1286
4	1286	1322	1323	1287
4	1287	1323	1324	1288
4	1288	1324	1325	1289
4	1289	1325	1326	1290
4	1290	1326	1327	1291
4	1291	1327	1328	1292
4	1292	1328	1329	1293
4	1293	1329	1330	1294
4	1294	1330	1331	1295
4	1295	1331	1296	1260
4	1296	1332	1333	1297
4	1297	1333	1334	1298
4	1298	1334	1335	1299
4	1299	1335	1336	1300
4	1300	1336	1337	1301
4	1301	1337	1338	1302
4	1302	1338	1339	1303
4	1303	1339	1340	1304
4	1304	1340	1341	1305
4	1305	1341	1342	1306
4	1306	1342	1343	1307
4	1307	1343	1344	1308
4	1308	1344	1345	1309
4	1309	1345	1346	1310
4	1310	1346	1347	1311
4	1311	1347	1348	1312
4	1312	1348	1349	1313
4	1313	1349	1350	1314
4	1314	1350	1351	1315
4	1315	1351	1352	1316
4	1316	1352	1353	1317
4	1317	1353	1354	1318
4	1318	1354	1355	1319
4	1319	1355	1356	1320
4	1320	1356	1357	1321
4	1321	1357	1358	1322
4	1322	1358	1359	1323
4	1323	1359	1360	1324
4	1324	1360	1361	1325
4	1325	1361	1362	1326
4	1326	1362	1363	1327
4	1327	1363	1364	1328
4	1328	1364	1365	1329
4	1329	1365	1366	1330
4	1330	1366	1367	1331
4	1331	1367	1332	1296
4	1332	1368	1369	1333
4	1333	1369	1370	1334
4	1334	1370	1371	1335
4	1335	1371	1372	1336
4	1336	1372	1373	1337
4	1337	1373	1374	1338
4	1338	1374	1375	1339
4	1339	1375	1376	1340
4	1340	1376	1377	1341
4	1341	1377	1378	1342
4	1342	1378	1379	1343
4	1343	1379	1380	1344
4	1344	1380	1381	1345
4	1345	1381	1382	1346
4	1346	1382	1383	1347
4	1347	1383	1384	1348
4	1348	1384	1385	1349
4	1349	1385	1386	1350
4	1350	1386	1387	1351
4	1351	1387	1388	1352
4	1352	1388	1389	1353
4	1353	1389	1390	1354
4	1354	1390	1391	1355
4	1355	1391	1392	1356
4	1356	1392	1393	1357
4	1357	1393	1394	1358
4	1358	1394	1395	1359
4	1359	1395	1396	1360
4	1360	1396	1397	1361
4	1361	1397	1398	1362
4	1362	1398	1399	1363
4	1363	1399	1400	1364
4	1364	1400	1401	1365
4	1365	1401	1402	1366
4	1366	1402	1403	1367
4	1367	1403	1368	1332
4	1368	1404	1405	1369
4	1369	1405	1406	1370
4	1370	1406	1407	1371
4	1371	1407	1408	1372
4	1372	1408	1409	1373
4	1373	1409	1410	1374
4	1374	1410	1411	1375
4	1375	1411	1412	1376
4	1376	1412	1413	1377
4	1377	1413	1414	1378
4	1378	1414	1415	1379
4	1379	1415	1416	1380
4	1380	1416	1417	1381
4	1381	1417	1418	1382
4	1382	1418	1419	1383
4	1383	1419	1420	1384
4	1384	1420	1421	1385
4	1385	1421	1422	1386
4	1386	1422	1423	1387
4	1387	1423	1424	1388
4	1388	1424	1425	1389
4	1389	1425	1426	1390
4	1390	1426	1427	1391
4	1391	1427	1428	1392
4	1392	1428	1429	1393
4	1393	1429	1430	1394
4	1394	1430	1431	1395
4	1395	1431	1432	1396
4	1396	1432	1433	1397
4	1397	1433	1434	1398
4	1398	1434	1435	1399
4	1399	1435	1436	1400
4	1400	1436	1437	1401
4	1401	1437	1438	1402
4	1402	1438	1439	1403
4	1403	1439	1404	1368
4	1404	1440	1441	1405
4	1405	1441	1442	1406
4	1406	1442	1443	1407
4	1407	1443	1444	1408
4	1408	1444	1445	1409
4	1409	1445	1446	1410
4	1410	1446	1447	1411
4	1411	1447	1448	1412
4	1412	1448	1449	1413
4	1413	1449	1450	1414
4	1414	1450	1451	1415
4	1415	1451	1452	1416
4	1416	1452	1453	1417
4	1417	1453	1454	1418
4	1418	1454	1455	1419
4	1419	1455	1456	1420
4	1420	1456	1457	1421
4	1421	1457	1458	1422
4	1422	1458	1459	1423
4	1423	1459	1460	1424
4	1424	1460	1461	1425
4	1425	1461	1462	1426
4	1426	1462	1463	1427
4	1427	1463	1464	1428
4	1428	1464	1465	1429
4	1429	1465	1466	1430
4	1430	1466	1467	1431
4	1431	1467	1468	1432
4	1432	1468	1469	1433
4	1433	1469	1470	1434
4	1434	1470	1471	1435
4	1435	1471	1472	1436
4	1436	1472	1473	1437
4	1437	1473	1474	1438
4	1438	1474	1475	1439
4	1439	1475	1440	1404
4	1440	1476	1477	1441
4	1441	1477	1478	1442
4	1442	1478	1479	1443
4	1443	1479	1480	1444
4	1444	1480	1481	1445
4	1445	1481	1482	1446
4	1446	1482	1483	1447
4	1447	1483	1484	1448
4	1448	1484	1485	1449
4	1449	1485	1486	1450
4	1450	1486	1487	1451
4	1451	1487	1488	1452
4	1452	1488	1489	1453
4	1453	1489	1490	1454
4	1454	1490	1491	1455
4	1455	1491	1492	1456
4	1456	1492	1493	1457
4	1457	1493	1494	1458
4	1458	1494	1495	1459
4	1459	1495	1496	1460
4	1460	1496	1497	1461
4	1461	1497	1498	1462
4	1462	1498	1499	1463
4	1463	1499	1500	1464
4	1464	1500	1501	1465
4	1465	1501	1502	1466
4	1466	1502	1503	1467
4	1467	1503	1504	1468
4	1468	1504	1505	1469
4	1469	1505	1506	1470
4	1470	1506	1507	1471
4	1471	1507	1508	1472
4	1472	1508	1509	1473
4	1473	1509	1510	1474
4	1474	1510	1511	1475
4	1475	1511	1476	1440
4	1476	1512	1513	1477
4	1477	1513	1514	1478
4	1478	1514	1515	1479
4	1479	1515	1516	1480
4	1480	1516	1517	1481
4	1481	1517	1518	1482
4	1482	1518	1519	1483
4	1483	1519	1520	1484
4	1484	1520	1521	1485
4	1485	1521	1522	1486
4	1486	1522	1523	1487
4	1487	1523	1524	1488
4	1488	1524	1525	1489
4	1489	1525	1526	1490
4	1490	1526	1527	1491
4	1491	1527	1528	1492
4	1492	1528	1529	1493
4	1493	1529	1530	1494
4	1494	1530	1531	1495
4	1495	1531	1532	1496
4	1496	1532	1533	1497
4	1497	1533	1534	1498
4	1498	1534	1535	1499
4	1499	1535	1536	1500
4	1500	1536	1537	1501
4	1501	1537	1538	1502
4	1502	1538	1539	1503
4	1503	1539	1540	1504
4	1504	1540	1541	1505
4	1505	1541	1542	1506
4	1506	1542	1543	1507
4	1507	1543	1544	1508
4	1508	1544	1545	1509
4	1509	1545	1546	1510
4	1510	1546	1547	1511
4	1511	1547	1512	1476
4	1512	1548	1549	1513
4	1513	1549	1550	1514
4	1514	1550	1551	1515
4	1515	1551	1552	1516
4	1516	1552	1553	1517
4	1517	1553	1554	1518
4	1518	1554	1555	1519
4	1519	1555	1556	1520
4	1520	1556	1557	1521
4	1521	1557	1558	1522
4	1522	1558	1559	1523
4	1523	1559	1560	1524
4	1524	1560	1561	1525
4	1525	1561	1562	1526
4	1526	1562	1563	1527
4	1527	1563	1564	1528
4	1528	1564	1565	1529
4	1529	1565	1566	1530
4	1530	1566	1567	1531
4	1531	1567	1568	1532
4	1532	1568	1569	1533
4	1533	1569	1570	1534
4	1534	1570	1571	1535
4	1535	1571	1572	1536
4	1536	1572	1573	1537
4	1537	1573	1574	1538
4	1538	1574	1575	1539
4	1539	1575	1576	1540
4	1540	1576	1577	1541
4	1541	1577	1578	1542
4	1542	1578	1579	1543
4	1543	1579	1580	1544
4	1544	1580	1581	1545
4	1545	1581	1582	1546
4	1546	1582	1583	1547
4	1547	1583	1548	1512
4	1548	1584	1585	1549
4	1549	1585	1586	1550
4	1550	1586	1587	1551
4	1551	1587	1588	1552
4	1552	1588	1589	1553
4	1553	1589	1590	1554
4	1554	1590	1591	1555
4	1555	1591	1592	1556
4	1556	1592	1593	1557
4	1557	1593	1594	1558
4	1558	1594	1595	1559
4	1559	1595	1596	1560
4	1560	1596	1597	1561
4	1561	1597	1598	1562
4	1562	1598	1599	1563
4	1563	1599	1600	1564
4	1564	1600	1601	1565
4	1565	1601	1602	1566
4	1566	1602	1603	1567
4	1567	1603	1604	1568
4	1568	1604	1605	1569
4	1569	1605	1606	1570
4	1570	1606	1607	1571
4	1571	1607	1608	1572
4	1572	1608	1609	1573
4	1573	1609	1610	1574
4	1574	1610	1611	1575
4	1575	1611	1612	1576
4	1576	1612	1613	1577
4	1577	1613	1614	1578
4	1578	1614	1615	1579
4	1579	1615	1616	1580
4	1580	1616	1617	1581
4	1581	1617	1618	1582
4	1582	1618	1619	1583
4	1583	1619	1584	1548
4	1584	1620	1621	1585
4	1585	1621	1622	1586
4	1586	1622	1623	1587
4	1587	1623	1624	1588
4	1588	1624	1625	1589
4	1589	1625	1626	1590
4	1590	1626	1627	1591
4	1591	1627	1628	1592
4	1592	1628	1629	1593
4	1593	1629	1630	1594
4	1594	1630	1631	1595
4	1595	1631	1632	1596
4	1596	1632	1633	1597
4	1597	1633	1634	1598
4	1598	1634	1635	1599
4	1599	1635	1636	1600
4	1600	1636	1637	1601
4	1601	1637	1638	1602
4	1602	1638	1639	1603
4	1603	1639	1640	1604
4	1604	1640	1641	1605
4	1605	1641	1642	1606
4	1606	1642	1643	1607
4	1607	1643	1644	1608
4	1608	1644	1645	1609
4	1609	1645	1646	1610
4	1610	1646	1647	1611
4	1611	1647	1648	1612
4	1612	1648	1649	1613
4	1613	1649	1650	1614
4	1614	1650	1651	1615
4	1615	1651	1652	1616
4	1616	1652	1653	1617
4	1617	1653	1654	1618
4	1618	1654	1655	1619
4	1619	1655	1620	1584
4	1620	1656	1657	1621
4	1621	1657	1658	1622
4	1622	1658	1659	1623
4	1623	1659	1660	1624
4	1624	1660	1661	1625
4	1625	1661	1662	1626
4	1626	1662	1663	1627
4	1627	1663	1664	1628
4	1628	1664	1665	1629
4	1629	1665	1666	1630
4	1630	1666	1667	1631
4	1631	1667	1668	1632
4	1632	1668	1669	1633
4	1633	1669	1670	1634
4	1634	1670	1671	1635
4	1635	1671	1672	1636
4	1636	1672	1673	1637
4	1637	1673	1674	1638
4	1638	1674	1675	1639
4	1639	1675	1676	1640
4	1640	1676	1677	1641
4	1641	1677	1678	1642
4	1642	1678	1679	1643
4	1643	1679	1680	1644
4	1644	1680	1681	1645
4	1645	1681	1682	1646
4	1646	1682	1683	1647
4	1647	1683	1684	1648
4	1648	1684	1685	1649
4	1649	1685	1686	1650
4	1650	1686	1687	1651
4	1651	1687	1688	1652
4	1652	1688	1689	1653
4	1653	1689	1690	1654
4	1654	1690	1691	1655
4	1655	1691	1656	1620
4	1656	1692	1693	1657
4	1657	1693	1694	1658
4	1658	1694	1695	1659
4	1659	1695	1696	1660
4	1660	1696	1697	1661
4	1661	1697	1698	1662
4	1662	1698	1699	1663
4	1663	1699	1700	1664
4	1664	1700	1701	1665
4	1665	1701	1702	1666
4	1666	1702	1703	1667
4	1667	1703	1704	1668
4	1668	1704	1705	1669
4	1669	1705	1706	1670
4	1670	1706	1707	1671
4	1671	1707	1708	1672
4	1672	1708	1709	1673
4	1673	1709	1710	1674
4	1674	1710	1711	1675
4	1675	1711	1712	1676
4	1676	1712	1713	1677
4	1677	1713	1714	1678
4	1678	1714	1715	1679
4	1679	1715	1716	1680
4	1680	1716	1717	1681
4	1681	1717	1718	1682
4	1682	1718	1719	1683
4	1683	1719	1720	1684
4	1684	1720	1721	1685
4	1685	1721	1722	1686
4	1686	1722	1723	1687
4	1687	1723	1724	1688
4	1688	1724	1725	1689
4	1689	1725	1726	1690
4	1690	1726	1727	1691
4	1691	1727	1692	1656
4	1692	1728	1729	1693
4	1693	1729	1730	1694
4	1694	1730	1731	1695
4	1695	1731	1732	1696
4	1696	1732	1733	1697
4	1697	1733	1734	1698
4	1698	1734	1735	1699
4	1699	1735	1736	1700
4	1700	1736	1737	1701
4	1701	1737	1738	1702
4	1702	1738	1739	1703
4	1703	1739	1740	1704
4	1704	1740	1741	1705
4	1705	1741	1742	1706
4	1706	1742	1743	1707
4	1707	1743	1744	1708
4	1708	1744	1745	1709
4	1709	1745	1746	1710
4	1710	1746	1747	1711
4	1711	1747	1748	1712
4	1712	1748	1749	1713
4	1713	1749	1750	1714
4	1714	1750	1751	1715
4	1715	1751	1752	1716
4	1716	1752	1753	1717
4	1717	1753	1754	1718
4	1718	1754	1755	1719
4	1719	1755	1756	1720
4	1720	1756	1757	1721
4	1721	1757	1758	1722
4	1722	1758	1759	1723
4	1723	1759	1760	1724
4	1724	1760	1761	1725
4	1725	1761	1762	1726
4	1726	1762	1763	1727
4	1727	1763	1728	1692
4	1728	1764	1765	1729
4	1729	1765	1766	1730
4	1730	1766	1767	1731
4	1731	1767	1768	1732
4	1732	1768	1769	1733
4	1733	1769	1770	1734
4	1734	1770	1771	1735
4	1735	1771	1772	1736
4	1736	1772	1773	1737
4	1737	1773	1774	1738
4	1738	1774	1775	1739
4	1739	1775	1776	1740
4	1740	1776	1777	1741
4	1741	1777	1778	1742
4	1742	1778	1779	1743
4	1743	1779	1780	1744
4	1744	1780	1781	1745
4	1745	1781	1782	1746
4	1746	1782	1783	1747
4	1747	1783	1784	1748
4	1748	1784	1785	1749
4	1749	1785	1786	1750
4	1750	1786	1787	1751
4	1751	1787	1788	1752
4	1752	1788	1789	1753
4	1753	1789	1790	1754
4	1754	1790	1791	1755
4	1755	1791	1792	1756
4	1756	1792	1793	1757
4	1757	1793	1794	1758
4	1758	1794	1795	1759
4	1759	1795	1796	1760
4	1760	1796	1797	1761
4	1761	1797	1798	1762
4	1762	1798	1799	1763
4	1763	1799	1764	1728
4	1764	1800	1801	1765
4	1765	1801	1802	1766
4	1766	1802	1803	1767
4	1767	1803	1804	1768
4	1768	1804	1805	1769
4	1769	1805	1806	1770
4	1770	1806	1807	1771
4	1771	1807	1808	1772
4	1772	1808	1809	1773
4	1773	1809	1810	1774
4	1774	1810	1811	1775
4	1775	1811	1812	1776
4	1776	1812	1813	1777
4	1777	1813	1814	1778
4	1778	1814	1815	1779
4	1779	1815	1816	1780
4	1780	1816	1817	1781
4	1781	1817	1818	1782
4	1782	1818	1819	1783
4	1783	1819	1820	1784
4	1784	1820	1821	1785
4	1785	1821	1822	1786
4	1786	1822	1823	1787
4	1787	1823	1824	1788
4	1788	1824	1825	1789
4	1789	1825	1826	1790
4	1790	1826	1827	1791
4	1791	1827	1828	1792
4	1792	1828	1829	1793
4	1793	1829	1830	1794
4	1794	1830	1831	1795
4	1795	1831	1832	1796
4	1796	1832	1833	1797
4	1797	1833	1834	1798
4	1798	1834	1835	1799
4	1799	1835	1800	1764
4	1800	1836	1837	1801
4	1801	1837	1838	1802
4	1802	1838	1839	1803
4	1803	1839	1840	1804
4	1804	1840	1841	1805
4	1805	1841	1842	1806
4	1806	1842	1843	1807
4	1807	1843	1844	1808
4	1808	1844	1845	1809
4	1809	1845	1846	1810
4	1810	1846	1847	1811
4	1811	1847	1848	1812
4	1812	1848	1849	1813
4	1813	1849	1850	1814
4	1814	1850	1851	1815
4	1815	1851	1852	1816
4	1816	1852	1853	1817
4	1817	1853	1854	1818
4	1818	1854	1855	1819
4	1819	1855	1856	1820
4	1820	1856	1857	1821
4	1821	1857	1858	1822
4	1822	1858	1859	1823
4	1823	1859	1860	1824
4	1824	1860	1861	1825
4	1825	1861	1862	1826
4	1826	1862	1863	1827
4	1827	1863	1864	1828
4	1828	1864	1865	1829
4	1829	1865	1866	1830
4	1830	1866	1867	1831
4	1831	1867	1868	1832
4	1832	1868	1869	1833
4	1833	1869	1870	1834
4	1834	1870	1871	1835
4	1835	1871	1836	1800
4	1836	1872	1873	1837
4	1837	1873	1874	1838
4	1838	1874	1875	1839
4	1839	1875	1876	1840
4	1840	1876	1877	1841
4	1841	1877	1878	1842
4	1842	1878	1879	1843
4	1843	1879	1880	1844
4	1844	1880	1881	1845
4	1845	1881	1882	1846
4	1846	1882	1883	1847
4	1847	1883	1884	1848
4	1848	1884	1885	1849
4	1849	1885	1886	1850
4	1850	1886	1887	1851
4	1851	1887	1888	1852
4	1852	1888	1889	1853
4	1853	1889	1890	1854
4	1854	1890	1891	1855
4	1855	1891	1892	1856
4	1856	1892	1893	1857
4	1857	1893	1894	1858
4	1858	1894	1895	1859
4	1859	1895	1896	1860
4	1860	1896	1897	1861
4	1861	1897	1898	1862
4	1862	1898	1899	1863
4	1863	1899	1900	1864
4	1864	1900	1901	1865
4	1865	1901	1902	1866
4	1866	1902	1903	1867
4	1867	1903	1904	1868
4	1868	1904	1905	1869
4	1869	1905	1906	1870
4	1870	1906	1907	1871
4	1871	1907	1872	1836
4	1872	1908	1909	1873
4	1873	1909	1910	1874
4	1874	1910	1911	1875
4	1875	1911	1912	1876
4	1876	1912	1913	1877
4	1877	1913	1914	1878
4	1878	1914	1915	1879
4	1879	1915	1916	1880
4	1880	1916	1917	1881
4	1881	1917	1918	1882
4	1882	1918	1919	1883
4	1883	1919	1920	1884
4	1884	1920	1921	1885
4	1885	1921	1922	1886
4	1886	1922	1923	1887
4	1887	1923	1924	1888
4	1888	1924	1925	1889
4	1889	1925	1926	1890
4	1890	1926	1927	1891
4	1891	1927	1928	1892
4	1892	1928	1929	1893
4	1893	1929	1930	1894
4	1894	1930	1931	1895
4	1895	1931	1932	1896
4	1896	1932	1933	1897
4	1897	1933	1934	1898
4	1898	1934	1935	1899
4	1899	1935	1936	1900
4	1900	1936	1937	1901
4	1901	1937	1938	1902
4	1902	1938	1939	1903
4	1903	1939	1940	1904
4	1904	1940	1941	1905
4	1905	1941	1942	1906
4	1906	1942	1943	1907
4	1907	1943	1908	1872
4	1908	1944	1945	1909
4	1909	1945	1946	1910
4	1910	1946	1947	1911
4	1911	1947	1948	1912
4	1912	1948	1949	1913
4	1913	1949	1950	1914
4	1914	1950	1951	1915
4	1915	1951	1952	1916
4	1916	1952	1953	1917
4	1917	1953	1954	1918
4	1918	1954	1955	1919
4	1919	1955	1956	1920
4	1920	1956	1957	1921
4	1921	1957	1958	1922
4	1922	1958	1959	1923
4	1923	1959	1960	1924
4	1924	1960	1961	1925
4	1925	1961	1962	1926
4	1926	1962	1963	1927
4	1927	1963	1964	1928
4	1928	1964	1965	1929
4	1929	1965	1966	1930
4	1930	1966	1967	1931
4	1931	1967	1968	1932
4	1932	1968	1969	1933
4	1933	1969	1970	1934
4	1934	1970	1971	1935
4	1935	1971	1972	1936
4	1936	1972	1973	1937
4	1937	1973	1974	1938
4	1938	1974	1975	1939
4	1939	1975	1976	1940
4	1940	1976	1977	1941
4	1941	1977	1978	1942
4	1942	1978	1979	1943
4	1943	1979	1944	1908
4	1944	1980	1981	1945
4	1945	1981	1982	1946
4	1946	1982	1983	1947
4	1947	1983	1984	1948
4	1948	1984	1985	1949
4	1949	1985	1986	1950
4	1950	1986	1987	1951
4	1951	1987	1988	1952
4	1952	1988	1989	1953
4	1953	1989	1990	1954
4	1954	1990	1991	1955
4	1955	1991	1992	1956
4	1956	1992	1993	1957
4	1957	1993	1994	1958
4	1958	1994	1995	1959
4	1959	1995	1996	1960
4	1960	1996	1997	1961
4	1961	1997	1998	1962
4	1962	1998	1999	1963
4	1963	1999	2000	1964
4	1964	2000	2001	1965
4	1965	2001	2002	1966
4	1966	2002	2003	1967
4	1967	2003	2004	1968
4	1968	2004	2005	1969
4	1969	2005	2006	1970
4	1970	2006	2007	1971
4	1971	2007	2008	1972
4	1972	2008	2009	1973
4	1973	2009	2010	1974
4	1974	2010	2011	1975
4	1975	2011	2012	1976
4	1976	2012	2013	1977
4	1977	2013	2014	1978
4	1978	2014	2015	1979
4	1979	2015	1980	1944
4	1980	2016	2017	1981
4	1981	2017	2018	1982
4	1982	2018	2019	1983
4	1983	2019	2020	1984
4	1984	2020	2021	1985
4	1985	2021	2022	1986
4	1986	2022	2023	1987
4	1987	2023	2024	1988
4	1988	2024	2025	1989
4	1989	2025	2026	1990
4	1990	2026	2027	1991
4	1991	2027	2028	1992
4	1992	2028	2029	1993
4	1993	2029	2030	1994
4	1994	2030	2031	1995
4	1995	2031	2032	1996
4	1996	2032	2033	1997
4	1997	2033	2034	1998
4	1998	2034	2035	1999
4	1999	2035	2036	2000
4	2000	2036	2037	2001
4	2001	2037	2038	2002
4	2002	2038	2039	2003
4	2003	2039	2040	2004
4	2004	2040	2041	2005
4	2005	2041	2042	2006
4	2006	2042	2043	2007
4	2007	2043	2044	2008
4	2008	2044	2045	2009
4	2009	2045	2046	2010
4	2010	2046	2047	2011
4	2011	2047	2048	2012
4	2012	2048	2049	2013
4	2013	2049	2050	2014
4	2014	2050	2051	2015
4	2015	2051	2016	1980
4	2016	2052	2053	2017
4	2017	2053	2054	2018
4	2018	2054	2055	2019
4	2019	2055	2056	2020
4	2020	2056	2057	2021
4	2021	2057	2058	2022
4	2022	2058	2059	2023
4	2023	2059	2060	2024
4	2024	2060	2061	2025
4	2025	2061	2062	2026
4	2026	2062	2063	2027
4	2027	2063	2064	2028
4	2028	2064	2065	2029
4	2029	2065	2066	2030
4	2030	2066	2067	2031
4	2031	2067	2068	2032
4	2032	2068	2069	2033
4	2033	2069	2070	2034
4	2034	2070	2071	2035
4	2035	2071	2072	2036
4	2036	2072	2073	2037
4	2037	2073	2074	2038
4	2038	2074	2075	2039
4	2039	2075	2076	2040
4	2040	2076	2077	2041
4	2041	2077	2078	2042
4	2042	2078	2079	2043
4	2043	2079	2080	2044
4	2044	2080	2081	2045
4	2045	2081	2082	2046
4	2046	2082	2083	2047
4	2047	2083	2084	2048
4	2048	2084	2085	2049
4	2049	2085	2086	2050
4	2050	2086	2087	2051
4	2051	2087	2052	2016
4	2052	2088	2089	2053
4	2053	2089	2090	2054
4	2054	2090	2091	2055
4	2055	2091	2092	2056
4	2056	2092	2093	2057
4	2057	2093	2094	2058
4	2058	2094	2095	2059
4	2059	2095	2096	2060
4	2060	2096	2097	2061
4	2061	2097	2098	2062
4	2062	2098	2099	2063
4	2063	2099	2100	2064
4	2064	2100	2101	2065
4	2065	2101	2102	2066
4	2066	2102	2103	2067
4	2067	2103	2104	2068
4	2068	2104	2105	2069
4	2069	2105	2106	2070
4	2070	2106	2107	2071
4	2071	2107	2108	2072
4	2072	2108	2109	2073
4	2073	2109	2110	2074
4	2074	2110	2111	2075
4	2075	2111	2112	2076
4	2076	2112	2113	2077
4	2077	2113	2114	2078
4	2078	2114	2115	2079
4	2079	2115	2116	2080
4	2080	2116	2117	2081
4	2081	2117	2118	2082
4	2082	2118	2119	2083
4	2083	2119	2120	2084
4	2084	2120	2121	2085
4	2085	2121	2122	2086
4	2086	2122	2123	2087
4	2087	2123	2088	2052
4	2088	2124	2125	2089
4	2089	2125	2126	2090
4	2090	2126	2127	2091
4	2091	2127	2128	2092
4	2092	2128	2129	2093
4	2093	2129	2130	2094
4	2094	2130	2131	2095
4	2095	2131	2132	2096
4	2096	2132	2133	2097
4	2097	2133	2134	2098
4	2098	2134	2135	2099
4	2099	2135	2136	2100
4	2100	2136	2137	2101
4	2101	2137	2138	2102
4	2102	2138	2139	2103
4	2103	2139	2140	2104
4	2104	2140	2141	2105
4	2105	2141	2142	2106
4	2106	2142	2143	2107
4	2107	2143	2144	2108
4	2108	2144	2145	2109
4	2109	2145	2146	2110
4	2110	2146	2147	2111
4	2111	2147	2148	2112
4	2112	2148	2149	2113
4	2113	2149	2150	2114
4	2114	2150	2151	2115
4	2115	2151	2152	2116
4	2116	2152	2153	2117
4	2117	2153	2154	2118
4	2118	2154	2155	2119
4	2119	2155	2156	2120
4	2120	2156	2157	2121
4	2121	2157	2158	2122
4	2122	2158	2159	2123
4	2123	2159	2124	2088
4	2124	2160	2161	2125
4	2125	2161	2162	2126
4	2126	2162	2163	2127
4	2127	2163	2164	2128
4	2128	2164	2165	2129
4	2129	2165	2166	2130
4	2130	2166	2167	2131
4	2131	2167	2168	2132
4	2132	2168	2169	2133
4	2133	2169	2170	2134
4	2134	2170	2171	2135
4	2135	2171	2172	2136
4	2136	2172	2173	2137
4	2137	2173	2174	2138
4	2138	2174	2175	2139
4	2139	2175	2176	2140
4	2140	2176	2177	2141
4	2141	2177	2178	2142
4	2142	2178	2179	2143
4	2143	2179	2180	2144
4	2144	2180	2181	2145
4	2145	2181	2182	2146
4	2146	2182	2183	2147
4	2147	2183	2184	2148
4	2148	2184	2185	2149
4	2149	2185	2186	2150
4	2150	2186	2187	2151
4	2151	2187	2188	2152
4	2152	2188	2189	2153
4	2153	2189	2190	2154
4	2154	2190	2191	2155
4	2155	2191	2192	2156
4	2156	2192	2193	2157
4	2157	2193	2194	2158
4	2158	2194	2195	2159
4	2159	2195	2160	2124
4	2160	2196	2197	2161
4	2161	2197	2198	2162
4	2162	2198	2199	2163
4	2163	2199	2200	2164
4	2164	2200	2201	2165
4	2165	2201	2202	2166
4	2166	2202	2203	2167
4	2167	2203	2204	2168
4	2168	2204	2205	2169
4	2169	2205	2206	2170
4	2170	2206	2207	2171
4	2171	2207	2208	2172
4	2172	2208	2209	2173
4	2173	2209	2210	2174
4	2174	2210	2211	2175
4	2175	2211	2212	2176
4	2176	2212	2213	2177
4	2177	2213	2214	2178
4	2178	2214	2215	2179
4	2179	2215	2216	2180
4	2180	2216	2217	2181
4	2181	2217	2218	2182
4	2182	2218	2219	2183
4	2183	2219	2220	2184
4	2184	2220	2221	2185
4	2185	2221	2222	2186
4	2186	2222	2223	2187
4	2187	2223	2224	2188
4	2188	2224	2225	2189
4	2189	2225	2226	2190
4	2190	2226	2227	2191
4	2191	2227	2228	2192
4	2192	2228	2229	2193
4	2193	2229	2230	2194
4	2194	2230	2231	2195
4	2195	2231	2196	2160
